Date,max_temperature,min_temperature
1/1/81,38.1,20.7
1/2/81,,17.9
1/3/81,34.5,18.8
1/4/81,20.7,14.6
1/5/81,21.5,15.8
1/6/81,300,-800
1/7/81,29.7,15.8
1/8/81,36.6,17.4
1/9/81,,21.8
1/10/81,300,20
1/11/81,20.4,16.2
1/12/81,30.1,13.3
1/13/81,38.7,16.7
1/14/81,41.4,21.5
1/15/81,300,25
1/16/81,36,-800
1/17/81,,20.6
1/18/81,38,24.8
1/19/81,23,17.7
1/20/81,300,15.5
1/21/81,27.5,
1/22/81,21.7,12.1
1/23/81,22.9,14.4
1/24/81,26.2,-800
1/25/81,300,16.5
1/26/81,41.8,
1/27/81,21.5,19.4
1/28/81,19.2,17.2
1/29/81,25,15.5
1/30/81,300,15.1
1/31/81,23.2,15.4
2/1/81,31.5,-800
2/2/81,36.2,18.8
2/3/81,38.2,21.9
2/4/81,26.4,19.9
2/5/81,20.9,16.6
2/6/81,21.5,16.8
2/7/81,30.2,14.6
2/8/81,300,17.1
2/9/81,32.6,25
2/10/81,22.2,15
2/11/81,21.7,13.7
2/12/81,30,13.9
2/13/81,35.7,18.3
2/14/81,32.8,22
2/15/81,39.3,22.1
2/16/81,25.5,21.2
2/17/81,23,-800
2/18/81,19.9,16.6
2/19/81,21.3,16.1
2/20/81,20.8,15.7
2/21/81,21.7,16.6
2/22/81,23.8,
2/23/81,29,14.4
2/24/81,,14.4
2/25/81,21.3,18.5
2/26/81,28.5,16.9
2/27/81,33.6,17.5
2/28/81,,21.2
3/1/81,34.2,17.8
3/2/81,27,18.6
3/3/81,24.2,17
3/4/81,19.9,16
3/5/81,19.7,13.3
3/6/81,21.5,14.3
3/7/81,30.6,11.4
3/8/81,30,16.3
3/9/81,19,16.1
3/10/81,19.6,11.8
3/11/81,20.6,12.2
3/12/81,23.6,14.7
3/13/81,17.9,11.8
3/14/81,17.3,11.3
3/15/81,21.4,10.6
3/16/81,24.1,11.7
3/17/81,20.9,14.2
3/18/81,30.1,11.2
3/19/81,32.6,16.9
3/20/81,21.3,16.7
3/21/81,19.5,8.1
3/22/81,19.9,8
3/23/81,21,8.8
3/24/81,25.4,13.4
3/25/81,17.5,10.9
3/26/81,20.4,13.4
3/27/81,26.8,11
3/28/81,25.8,15
3/29/81,20.9,15.7
3/30/81,19.4,14.5
3/31/81,25.8,15.8
4/1/81,26.3,16.7
4/2/81,29.6,16.8
4/3/81,30.3,17.5
4/4/81,23.6,17.1
4/5/81,28.4,18.1
4/6/81,20.7,16.6
4/7/81,24.1,10
4/8/81,27.3,14.9
4/9/81,23.2,15.9
4/10/81,300,13
4/11/81,24.6,7.6
4/12/81,27.4,-800
4/13/81,20.4,13.5
4/14/81,18.1,13
4/15/81,25.2,13.3
4/16/81,19.8,12.1
4/17/81,21,12.4
4/18/81,23.7,13.2
4/19/81,19.6,13.8
4/20/81,18.1,10.6
4/21/81,20.8,9
4/22/81,26,10
4/23/81,18.4,9.8
4/24/81,22,11.5
4/25/81,14.4,8.9
4/26/81,19.9,7.4
4/27/81,22.6,9.9
4/28/81,13.7,9.3
4/29/81,15.9,9.9
4/30/81,21.2,7.4
5/1/81,23.7,8.6
5/2/81,24,11.9
5/3/81,17.2,14
5/4/81,23.2,8.6
5/5/81,25.2,10
5/6/81,17.2,13.5
5/7/81,16,12
5/8/81,15.6,
5/9/81,,10.7
5/10/81,16,8.1
5/11/81,16.8,10.1
5/12/81,14.6,10.6
5/13/81,19.4,5.3
5/14/81,21,6.6
5/15/81,19.5,8.5
5/16/81,18.5,11.2
5/17/81,13.3,9.8
5/18/81,13.7,5.9
5/19/81,14.3,3.2
5/20/81,14.1,2.1
5/21/81,11.4,3.4
5/22/81,13.6,5.4
5/23/81,16.6,9.6
5/24/81,,11.5
5/25/81,14.6,-800
5/26/81,17.2,
5/27/81,14.4,11
5/28/81,16.4,11.2
5/29/81,300,11.4
5/30/81,17.6,11.8
5/31/81,17.2,12.8
6/1/81,17.7,11.6
6/2/81,14.2,10.6
6/3/81,16.6,9.8
6/4/81,15.7,11.2
6/5/81,13.7,5.7
6/6/81,14.7,7.1
6/7/81,13.1,2.5
6/8/81,12.9,3.5
6/9/81,15.4,4.6
6/10/81,11.9,11
6/11/81,15.2,5.7
6/12/81,15.3,7.7
6/13/81,16.5,10.4
6/14/81,16.1,11.4
6/15/81,11.7,9.2
6/16/81,11.2,6.1
6/17/81,11.5,2.7
6/18/81,10.8,4.3
6/19/81,16.1,6.3
6/20/81,14.8,3.8
6/21/81,13.6,4.4
6/22/81,13.8,7.1
6/23/81,9.7,4.8
6/24/81,10.7,5.8
6/25/81,11,6.2
6/26/81,15.3,7.3
6/27/81,15.3,9.2
6/28/81,17,10.2
6/29/81,16,9.5
6/30/81,16.3,9.5
7/1/81,15.7,10.7
7/2/81,14.5,10
7/3/81,10.8,6.5
7/4/81,10.5,7
7/5/81,13.4,7.4
7/6/81,12.2,8.1
7/7/81,13.2,6.6
7/8/81,13,8.3
7/9/81,300,8.9
7/10/81,13.1,4.6
7/11/81,9.8,6.8
7/12/81,10.5,5.7
7/13/81,13.4,6.1
7/14/81,11,7
7/15/81,13.1,7.2
7/16/81,15,6.3
7/17/81,16.7,8.8
7/18/81,16.1,5
7/19/81,18.2,7.4
7/20/81,15.7,10.1
7/21/81,17.7,12
7/22/81,15.9,9
7/23/81,15.1,8.9
7/24/81,15.2,9.8
7/25/81,14.7,9
7/26/81,13.3,9.2
7/27/81,14.5,7.7
7/28/81,300,8
7/29/81,13.1,6.1
7/30/81,13.7,3.5
7/31/81,14.6,3.2
8/1/81,12.9,5.7
8/2/81,12.8,7.7
8/3/81,15.2,9
8/4/81,14.5,10
8/5/81,17.2,6.2
8/6/81,14.5,6.9
8/7/81,14.4,6.5
8/8/81,11,6.8
8/9/81,13.1,7
8/10/81,13.6,5.2
8/11/81,14.6,3
8/12/81,12.7,5.6
8/13/81,13.6,7.9
8/14/81,12.7,9
8/15/81,15.5,8.6
8/16/81,17.4,10.3
8/17/81,15.2,10.5
8/18/81,14.2,7.6
8/19/81,17.7,9.7
8/20/81,300,12.5
8/21/81,12.5,7.4
8/22/81,14.2,7.9
8/23/81,15.3,3.9
8/24/81,15.7,6.6
8/25/81,17,4.6
8/26/81,19,7
8/27/81,13.1,6
8/28/81,13.2,5.5
8/29/81,13.2,8.1
8/30/81,15.7,5.5
8/31/81,14.1,6.2
9/1/81,15.6,8
9/2/81,15.5,10.3
9/3/81,15.9,9.8
9/4/81,15.1,9.6
9/5/81,16,8.5
9/6/81,19.4,7.5
9/7/81,21.5,11.2
9/8/81,23.7,14.6
9/9/81,18.7,11.7
9/10/81,23.8,7.8
9/11/81,18,12.3
9/12/81,16.2,10.1
9/13/81,18.5,11.5
9/14/81,20.6,7.3
9/15/81,18.3,10.9
9/16/81,22.5,14.1
9/17/81,26.9,10.7
9/18/81,19.4,16.9
9/19/81,15.9,10.5
9/20/81,20.5,6.5
9/21/81,21.2,11
9/22/81,19.5,6.3
9/23/81,14.7,10.5
9/24/81,17.6,7.2
9/25/81,15.8,7.6
9/26/81,17.7,10.7
9/27/81,14.3,7.8
9/28/81,16.8,9.6
9/29/81,18.6,11.4
9/30/81,21.9,12.4
10/1/81,21.4,8.9
10/2/81,20.8,13.2
10/3/81,14,8.6
10/4/81,17,6.2
10/5/81,23,11.4
10/6/81,26.4,13.2
10/7/81,300,14.3
10/8/81,22.+B3117,7.3
10/9/81,26.9,12.9
10/10/81,14.7,7.8
10/11/81,15.2,6.2
10/12/81,19.8,5.6
10/13/81,26.9,10
10/14/81,20.2,13.3
10/15/81,14.3,8.3
10/16/81,14.8,10.2
10/17/81,18.5,8.6
10/18/81,21.7,7.3
10/19/81,21.4,10.4
10/20/81,21.8,11.2
10/21/81,18.2,13.2
10/22/81,15.8,11.4
10/23/81,15.3,9.1
10/24/81,18.5,6.6
10/25/81,19.2,8.4
10/26/81,28.5,9.7
10/27/81,32.2,13.2
10/28/81,21.8,12.5
10/29/81,22.1,11
10/30/81,20.7,11
10/31/81,17,11.7
11/1/81,24.7,9.2
11/2/81,26.2,11.5
11/3/81,29,13.6
11/4/81,21.6,13.7
11/5/81,17.1,10.4
11/6/81,300,11.5
11/7/81,19.1,7.6
11/8/81,24.7,9.6
11/9/81,25.4,14.2
11/10/81,19.8,15.7
11/11/81,18.2,10.5
11/12/81,16.3,10.5
11/13/81,17,9.7
11/14/81,17.7,9.5
11/15/81,15.5,11.3
11/16/81,14.7,8.9
11/17/81,15.8,9.4
11/18/81,19.9,11.9
11/19/81,20.4,11.7
11/20/81,23.3,13.4
11/21/81,20.2,12.6
11/22/81,28.8,10.1
11/23/81,31.2,15.8
11/24/81,17.4,13.6
11/25/81,18.5,11.9
11/26/81,26.8,9.9
11/27/81,34.3,12.6
11/28/81,30.1,17.8
11/29/81,20.5,15
11/30/81,20.5,13.6
12/1/81,19.8,13.4
12/2/81,27,10.5
12/3/81,21,14.2
12/4/81,33,11.5
12/5/81,22.6,13
12/6/81,28.3,15
12/7/81,21.1,14.7
12/8/81,19,12.6
12/9/81,17.3,12.5
12/10/81,27,13.5
12/11/81,30.2,14.8
12/12/81,24.8,17.2
12/13/81,17.9,9.7
12/14/81,17.9,12.1
12/15/81,20.7,12.8
12/16/81,30.9,11.2
12/17/81,36.2,16.4
12/18/81,21,15.6
12/19/81,20.2,13.3
12/20/81,21.3,11
12/21/81,24.2,11.1
12/22/81,21,15
12/23/81,20.7,12.8
12/24/81,17.8,15
12/25/81,19.6,14.2
12/26/81,22.6,14
12/27/81,20.5,15.5
12/28/81,24.1,13.3
12/29/81,22.2,15.6
12/30/81,27,15.2
12/31/81,33.6,17.4
1/1/82,26.6,17
1/2/82,20.6,15
1/3/82,24.5,13.5
1/4/82,19.8,15.2
1/5/82,22.6,13
1/6/82,29.2,12.5
1/7/82,20.3,14.1
1/8/82,23,14.8
1/9/82,24.4,16.2
1/10/82,38,15.8
1/11/82,40.5,19.1
1/12/82,24.2,22.2
1/13/82,20.2,15.9
1/14/82,21.8,13
1/15/82,27,14.1
1/16/82,35.2,15.8
1/17/82,25.2,24
1/18/82,32.7,18
1/19/82,35.9,19.7
1/20/82,38.9,25.2
1/21/82,26.5,20.5
1/22/82,21.8,19.3
1/23/82,37.9,15.8
1/24/82,43.3,17
1/25/82,19,18.4
1/26/82,19.7,13.3
1/27/82,21.4,14.6
1/28/82,32,12.5
1/29/82,33.3,17
1/30/82,22.2,17.1
1/31/82,21.3,14
2/1/82,20.8,14.6
2/2/82,22.3,13.3
2/3/82,22.5,14.8
2/4/82,21.4,15.1
2/5/82,23,13.1
2/6/82,35.1,13.6
2/7/82,40.3,19.5
2/8/82,39,22.7
2/9/82,21.1,17.2
2/10/82,25.4,13.5
2/11/82,23.6,15.4
2/12/82,28.1,17
2/13/82,37,19.2
2/14/82,39.3,22.8
2/15/82,39.4,26.3
2/16/82,25.8,18.2
2/17/82,27.7,17
2/18/82,23,14.8
2/19/82,24,12.8
2/20/82,26.1,15.5
2/21/82,21.8,15.6
2/22/82,24.2,13.1
2/23/82,22.3,15.2
2/24/82,19.7,14.1
2/25/82,20.8,12.5
2/26/82,17.9,14.6
2/27/82,20.1,10.4
2/28/82,20.9,13.9
3/1/82,21.2,11.9
3/2/82,300,13.5
3/3/82,29,9.8
3/4/82,34.7,14
3/5/82,34,21.5
3/6/82,30.9,19.5
3/7/82,29.6,16.7
3/8/82,26.1,19.1
3/9/82,18.5,11
3/10/82,21.2,9
3/11/82,22.4,10
3/12/82,21.4,14.6
3/13/82,30.5,12.5
3/14/82,32,17.2
3/15/82,32.7,19.2
3/16/82,27.4,22.2
3/17/82,18.9,15.7
3/18/82,19.4,14.2
3/19/82,22.2,9.8
3/20/82,30.2,14
3/21/82,31.8,17.5
3/22/82,31.4,20.7
3/23/82,18.5,15.6
3/24/82,22.2,13.2
3/25/82,27.5,14.5
3/26/82,25.8,16.8
3/27/82,25.2,17.2
3/28/82,19.1,13.4
3/29/82,19.6,14.2
3/30/82,21.4,14.3
3/31/82,20.7,10.2
4/1/82,28.3,10.4
4/2/82,23,12.3
4/3/82,16.5,11.9
4/4/82,18.8,11.2
4/5/82,20,8.5
4/6/82,20.6,12
4/7/82,19.8,12.4
4/8/82,20.3,12.9
4/9/82,26.6,10.1
4/10/82,21.5,15
4/11/82,22.3,13.6
4/12/82,26.5,12.4
4/13/82,27.1,13.6
4/14/82,30,16.1
4/15/82,28.2,19.5
4/16/82,17.3,14.2
4/17/82,16.8,9.3
4/18/82,17.5,10.1
4/19/82,19.2,7.4
4/20/82,20.3,8.6
4/21/82,20.6,7.8
4/22/82,23.7,9.1
4/23/82,24.3,13
4/24/82,26.4,16.5
4/25/82,16,12.9
4/26/82,14.5,6.9
4/27/82,14.2,6.9
4/28/82,16.5,8.7
4/29/82,15.7,10
4/30/82,16,10.8
5/1/82,16.7,7.5
5/2/82,19.8,6.3
5/3/82,22.5,11.9
5/4/82,22.9,13.8
5/5/82,18.8,11.8
5/6/82,15.7,11
5/7/82,14.7,10.1
5/8/82,15.3,8.5
5/9/82,15.3,5.5
5/10/82,18,7.6
5/11/82,15.1,8.7
5/12/82,15.1,10.8
5/13/82,13.6,11.2
5/14/82,15.3,9.1
5/15/82,18,3.7
5/16/82,18.6,4.6
5/17/82,22,6.6
5/18/82,22.1,13.2
5/19/82,17.8,15.2
5/20/82,15.2,7.6
5/21/82,11.3,8.4
5/22/82,13.5,6
5/23/82,16.1,8.3
5/24/82,16,8.6
5/25/82,16.5,11.1
5/26/82,16.7,12.1
5/27/82,19.6,12.9
5/28/82,19.5,14
5/29/82,300,12.5
5/30/82,18.4,11.5
5/31/82,12.9,7
6/1/82,14.9,7.1
6/2/82,12.4,9
6/3/82,11.9,3.1
6/4/82,11.7,2.5
6/5/82,12.9,0
6/6/82,12.9,1.6
6/7/82,12.4,2.6
6/8/82,12.5,5.7
6/9/82,15.7,2.3
6/10/82,15.9,4.5
6/11/82,14.3,8.2
6/12/82,16.9,6.9
6/13/82,14,7.3
6/14/82,13.6,6
6/15/82,13.7,7.3
6/16/82,16,7.6
6/17/82,13.1,8
6/18/82,13.8,8
6/19/82,13.4,6.8
6/20/82,11.3,7.3
6/21/82,10.6,6.2
6/22/82,13.9,6.9
6/23/82,12.7,8.9
6/24/82,12.5,4
6/25/82,11.3,1.3
6/26/82,11.6,0.8
6/27/82,14,4.3
6/28/82,13.7,7.3
6/29/82,15.2,7.7
6/30/82,14,9
7/1/82,11.4,4.2
7/2/82,14.2,1.6
7/3/82,15.2,2.6
7/4/82,12.6,3.4
7/5/82,10.2,3.9
7/6/82,13.9,7
7/7/82,13.7,7.8
7/8/82,13.6,5.3
7/9/82,13.2,2.4
7/10/82,15.4,2.8
7/11/82,12.9,4
7/12/82,11.9,7.5
7/13/82,13.3,7.8
7/14/82,13.3,5.6
7/15/82,10.5,3.3
7/16/82,10,5
7/17/82,11,3.7
7/18/82,8.3,3.9
7/19/82,10.7,5.2
7/20/82,11.2,0.2
7/21/82,11.7,0.8
7/22/82,14.2,0.9
7/23/82,14.5,3.5
7/24/82,16,6.6
7/25/82,16.7,9.5
7/26/82,14.4,9
7/27/82,17,3.5
7/28/82,14.6,4.5
7/29/82,11.6,5.7
7/30/82,12.8,5.6
7/31/82,14,7.1
8/1/82,17.1,9.7
8/2/82,15.4,8.3
8/3/82,15.5,9.1
8/4/82,15.1,2.8
8/5/82,16.9,2.2
8/6/82,14.2,4.5
8/7/82,15.9,3.8
8/8/82,18.2,3.8
8/9/82,19.5,6.2
8/10/82,19.5,11.5
8/11/82,19.8,10.2
8/12/82,15.6,7.9
8/13/82,14.1,9
8/14/82,17,9.5
8/15/82,14.3,6
8/16/82,13.1,8.2
8/17/82,13.7,9.2
8/18/82,18.2,4.3
8/19/82,19.8,6.6
8/20/82,22.3,9.4
8/21/82,17.8,13.2
8/22/82,15,6.6
8/23/82,22.6,5.1
8/24/82,23.7,12.1
8/25/82,15.8,11.2
8/26/82,15,8.5
8/27/82,23.5,4.6
8/28/82,25.7,7
8/29/82,26.5,14.2
8/30/82,15.1,12.7
8/31/82,13.9,7.6
9/1/82,20.5,4
9/2/82,21.4,10
9/3/82,14.9,10.5
9/4/82,15,5
9/5/82,18.9,4.5
9/6/82,11.7,8.2
9/7/82,15.5,4.3
9/8/82,17.7,9.8
9/9/82,11,5.8
9/10/82,14.9,5
9/11/82,13.1,8.5
9/12/82,13.7,9
9/13/82,15.4,3.6
9/14/82,15.6,6.7
9/15/82,23.9,6.7
9/16/82,23.7,10.1
9/17/82,24.3,15
9/18/82,15.9,8.9
9/19/82,13.5,5.7
9/20/82,15.3,4.2
9/21/82,19.3,4
9/22/82,20.5,5.3
9/23/82,22.5,6.3
9/24/82,23.2,8.5
9/25/82,16.3,11.5
9/26/82,14.8,7.7
9/27/82,13.7,9.2
9/28/82,18.4,7.8
9/29/82,12.3,6.3
9/30/82,13.3,6.3
10/1/82,16.2,8.6
10/2/82,25.6,6.1
10/3/82,24.1,13.2
10/4/82,13.8,9.9
10/5/82,15.9,4.7
10/6/82,21.2,5.8
10/7/82,21.7,14.9
10/8/82,15.6,10.7
10/9/82,13.5,8.6
10/10/82,15,9.4
10/11/82,21.2,5.7
10/12/82,25.4,10.9
10/13/82,19,13.1
10/14/82,15,10.4
10/15/82,16.4,8.2
10/16/82,15.6,9.8
10/17/82,13.7,7.5
10/18/82,22,5.8
10/19/82,17.4,9.8
10/20/82,15.1,7.9
10/21/82,14.6,8.7
10/22/82,16.9,10
10/23/82,15.9,10.6
10/24/82,21.3,8
10/25/82,29.7,10.2
10/26/82,33,15.1
10/27/82,22.7,13.9
10/28/82,21.6,9.2
10/29/82,30.3,9
10/30/82,19,13.2
10/31/82,14.6,7
11/1/82,15.9,10.6
11/2/82,20.4,6.9
11/3/82,29.3,9.5
11/4/82,33.7,12.5
11/5/82,35.2,13.6
11/6/82,38.1,17.7
11/7/82,24.5,16
11/8/82,26.3,11.3
11/9/82,25,10.5
11/10/82,17.9,14.4
11/11/82,18.1,10.3
11/12/82,23.3,9
11/13/82,31.2,11.1
11/14/82,32.8,14.5
11/15/82,28,18
11/16/82,19.7,12.8
11/17/82,22.1,10.7
11/18/82,16.3,9.1
11/19/82,20.1,8.7
11/20/82,21.7,12.4
11/21/82,19.6,12.6
11/22/82,30.8,10.3
11/23/82,36.8,13.7
11/24/82,38.1,16
11/25/82,17.6,15.8
11/26/82,21.2,12.1
11/27/82,17.2,12.5
11/28/82,20.7,12.2
11/29/82,26.1,13.7
11/30/82,34.5,16.1
12/1/82,18.6,15.5
12/2/82,20.1,10.3
12/3/82,22.4,10.5
12/4/82,19.1,11
12/5/82,19.2,11.9
12/6/82,28,13
12/7/82,17.9,12.2
12/8/82,18.1,10.6
12/9/82,16,13
12/10/82,18.5,13
12/11/82,20.6,12.2
12/12/82,33,12.6
12/13/82,35.2,18.7
12/14/82,24,15.2
12/15/82,26,15.3
12/16/82,28,13.9
12/17/82,23,15.8
12/18/82,19,13
12/19/82,19.1,13
12/20/82,18,13.7
12/21/82,19.4,12
12/22/82,32.5,10.8
12/23/82,32.6,15.6
12/24/82,18.1,15.3
12/25/82,19.7,13.9
12/26/82,28,13
12/27/82,28,15.3
12/28/82,23.8,16.3
12/29/82,31.4,15.8
12/30/82,22,17.7
12/31/82,35.8,16.3
1/1/83,23,18.4
1/2/83,18.9,15
1/3/83,25.4,10.9
1/4/83,28,11.4
1/5/83,19.2,14.8
1/6/83,21.5,12.1
1/7/83,28.8,12.8
1/8/83,37.3,16.2
1/9/83,24.6,15.5
1/10/83,21.3,13
1/11/83,17.9,10.5
1/12/83,17.5,9.1
1/13/83,18.7,10.5
1/14/83,18.1,11.8
1/15/83,19.7,12.7
1/16/83,22.1,12.7
1/17/83,19.6,11.5
1/18/83,18,13.8
1/19/83,19.9,13.3
1/20/83,28.5,11.6
1/21/83,23,15.4
1/22/83,37,12.4
1/23/83,19,16.9
1/24/83,19.4,14.7
1/25/83,35,10.6
1/26/83,27.7,15.6
1/27/83,23.9,10.7
1/28/83,25.6,12.6
1/29/83,27.7,13.8
1/30/83,24.3,14.3
1/31/83,38.6,14
2/1/83,41.2,18.1
2/2/83,22,17.3
2/3/83,22.5,13
2/4/83,22.3,16
2/5/83,25.5,14.9
2/6/83,36.6,16.2
2/7/83,35.7,20.3
2/8/83,43.2,22.5
2/9/83,28,17.2
2/10/83,25.5,15.9
2/11/83,21.6,16.8
2/12/83,21.8,13.8
2/13/83,23.3,12.8
2/14/83,34.3,14
2/15/83,31.2,17.5
2/16/83,43,21.5
2/17/83,20.2,16.8
2/18/83,20.3,13.6
2/19/83,22.2,14.5
2/20/83,24,14.2
2/21/83,34.4,15.7
2/22/83,32.9,19.7
2/23/83,21.6,17.4
2/24/83,26.5,14.4
2/25/83,33.2,16.9
2/26/83,38.6,19.1
2/27/83,24.4,20.4
2/28/83,28.3,20.1
3/1/83,35.2,19.9
3/2/83,28.7,22
3/3/83,35.6,20.5
3/4/83,37.2,22.1
3/5/83,25.5,20.6
3/6/83,31.5,15
3/7/83,30.2,20.6
3/8/83,29,21.5
3/9/83,21.4,16.2
3/10/83,28.5,14.1
3/11/83,32.1,14.5
3/12/83,23.5,21.1
3/13/83,20,15.9
3/14/83,21,15.2
3/15/83,20,13.1
3/16/83,21.8,13.2
3/17/83,24.3,12.5
3/18/83,30.9,15.2
3/19/83,21.6,17.6
3/20/83,22.2,15.5
3/21/83,20.2,16.7
3/22/83,20.5,16.3
3/23/83,17.6,15.1
3/24/83,18.6,12.7
3/25/83,17.7,10
3/26/83,18,11.4
3/27/83,18.6,12.6
3/28/83,18.6,10.7
3/29/83,25.9,10
3/30/83,19.8,13.9
3/31/83,18.7,13.4
4/1/83,17.9,12.5
4/2/83,17.3,12.8
4/3/83,18.1,7.8
4/4/83,14.6,11.1
4/5/83,14.1,10.7
4/6/83,15.7,7.1
4/7/83,16,6.7
4/8/83,21.6,5.7
4/9/83,21.4,9.1
4/10/83,23.8,15.2
4/11/83,21.7,15.5
4/12/83,16.6,11.1
4/13/83,16.7,11.7
4/14/83,18.1,11.5
4/15/83,14.5,9.8
4/16/83,14.7,6.2
4/17/83,16.4,6.7
4/18/83,16.5,7.5
4/19/83,22.7,8.8
4/20/83,23.8,8
4/21/83,24.6,10.4
4/22/83,23.6,14.5
4/23/83,19.8,16.5
4/24/83,19.8,14.1
4/25/83,18,10.5
4/26/83,17.6,12.6
4/27/83,19,13
4/28/83,17.5,8.7
4/29/83,17,10.1
4/30/83,19.9,12
5/1/83,18.5,12.5
5/2/83,18.7,13.5
5/3/83,17.8,13.7
5/4/83,17,13.5
5/5/83,17.6,10.7
5/6/83,18.7,13
5/7/83,17,11.6
5/8/83,18.8,13
5/9/83,17.5,11.2
5/10/83,19.5,13.5
5/11/83,16.6,12.9
5/12/83,19.1,6.8
5/13/83,21.2,10
5/14/83,20.2,14.5
5/15/83,17.9,11.7
5/16/83,14.3,6.7
5/17/83,16,4.6
5/18/83,17.7,4.9
5/19/83,18.6,7.4
5/20/83,19.1,8.3
5/21/83,13.7,7.5
5/22/83,17.5,6.2
5/23/83,16.1,7.8
5/24/83,15.2,13.2
5/25/83,17.3,11.9
5/26/83,14.9,6.5
5/27/83,18.4,8.3
5/28/83,17.2,12.1
5/29/83,12.2,9.3
5/30/83,13.9,7.5
5/31/83,14,9.3
6/1/83,15.3,11
6/2/83,15,10.8
6/3/83,15.1,5.3
6/4/83,16.6,7.6
6/5/83,16.5,5.6
6/6/83,16.1,7.2
6/7/83,13.5,9.6
6/8/83,13,7
6/9/83,13.6,8.3
6/10/83,11.8,7.8
6/11/83,14.5,4.7
6/12/83,14,6.8
6/13/83,14.1,7.2
6/14/83,13.5,8.3
6/15/83,12.1,9.5
6/16/83,11.9,4.7
6/17/83,11.9,3
6/18/83,14.2,1.5
6/19/83,14,2.5
6/20/83,17.9,6.2
6/21/83,19.1,11.6
6/22/83,15.1,6.6
6/23/83,13.8,6.6
6/24/83,13.7,8
6/25/83,10,7.9
6/26/83,10.3,3.3
6/27/83,10.4,3.9
6/28/83,12,6
6/29/83,8.5,4
6/30/83,14.4,5.5
7/1/83,13.1,8.5
7/2/83,14,9.8
7/3/83,11.8,9.5
7/4/83,13.9,7.2
7/5/83,12.9,8.1
7/6/83,11,8
7/7/83,11.8,8.5
7/8/83,10.7,8.8
7/9/83,11.2,8.3
7/10/83,10.3,2.4
7/11/83,12.2,4.9
7/12/83,12.4,5.9
7/13/83,14.7,6.7
7/14/83,15.1,8.4
7/15/83,15,6.5
7/16/83,14,7.9
7/17/83,15.2,4.1
7/18/83,14.2,5.4
7/19/83,8.7,7.5
7/20/83,11,3.9
7/21/83,14.2,2.5
7/22/83,15.2,5.3
7/23/83,12.2,6.6
7/24/83,13,0
7/25/83,14.7,0.7
7/26/83,17.2,7.6
7/27/83,13.7,12.3
7/28/83,14.8,9.2
7/29/83,13.8,9.6
7/30/83,13.7,9.5
7/31/83,13.1,10
8/1/83,12.7,7.7
8/2/83,12.3,8
8/3/83,12.4,8.3
8/4/83,13,8.3
8/5/83,13.5,4.5
8/6/83,13.5,6.5
8/7/83,14.7,9.4
8/8/83,13.4,9.4
8/9/83,15.9,10.5
8/10/83,16,10.7
8/11/83,15.3,9.9
8/12/83,15.5,7.6
8/13/83,18.2,5.8
8/14/83,18.6,8.5
8/15/83,18.5,13.8
8/16/83,19.2,14.3
8/17/83,14.2,8.3
8/18/83,12.8,5.3
8/19/83,13.1,3
8/20/83,15.4,5.2
8/21/83,17.3,10.3
8/22/83,14.5,11.1
8/23/83,19.5,10.5
8/24/83,20.2,9
8/25/83,16.3,13
8/26/83,13,6.4
8/27/83,13.3,8.4
8/28/83,13.3,6.7
8/29/83,19,8.3
8/30/83,16.8,11.2
8/31/83,19.2,10
9/1/83,18.5,10.1
9/2/83,19,10.6
9/3/83,17.4,10.9
9/4/83,15.3,5.7
9/5/83,15.8,9.5
9/6/83,18.7,10.4
9/7/83,17.8,11.1
9/8/83,16.5,12.2
9/9/83,15.3,10.6
9/10/83,13.2,8.8
9/11/83,12,9.2
9/12/83,14,5.5
9/13/83,9.5,7.1
9/14/83,13,6.5
9/15/83,17.6,4.3
9/16/83,19.6,5
9/17/83,17.2,11.2
9/18/83,17.3,7.5
9/19/83,17,12
9/20/83,16.3,13.6
9/21/83,17.3,8.3
9/22/83,20.3,8.5
9/23/83,16.9,12.9
9/24/83,13.5,7.7
9/25/83,13.3,7.6
9/26/83,20.7,3.5
9/27/83,19.8,10.4
9/28/83,20.8,15.4
9/29/83,19.8,10.6
9/30/83,19.5,9.6
10/1/83,23.4,9.3
10/2/83,14.2,13.9
10/3/83,14.2,7.7
10/4/83,16.6,9.5
10/5/83,17,7.6
10/6/83,15.6,6.9
10/7/83,14.8,6.8
10/8/83,17.2,5.8
10/9/83,20.2,6
10/10/83,16.7,8.3
10/11/83,18.2,9.1
10/12/83,18.1,12.5
10/13/83,22.5,13.2
10/14/83,23.4,16.2
10/15/83,15.3,12.5
10/16/83,13.7,11.8
10/17/83,15.6,10.6
10/18/83,18.9,10
10/19/83,15.1,12.2
10/20/83,16.6,8.9
10/21/83,17.7,10.3
10/22/83,23,7.5
10/23/83,16.8,11.6
10/24/83,21.3,12.6
10/25/83,17.9,12.9
10/26/83,23.6,11.7
10/27/83,25.3,14
10/28/83,14.5,12.3
10/29/83,16.9,9
10/30/83,16.3,9.2
10/31/83,17.7,9.8
11/1/83,18,11.8
11/2/83,21.7,10.6
11/3/83,22.3,12.6
11/4/83,15.5,11
11/5/83,16.7,8.2
11/6/83,24.3,7.5
11/7/83,23.5,13.6
11/8/83,27.7,14.8
11/9/83,18,10.9
11/10/83,15.6,7.7
11/11/83,19,10.2
11/12/83,19.5,10.8
11/13/83,20.1,10.8
11/14/83,31.3,12.5
11/15/83,15.6,13.2
11/16/83,12.8,8.7
11/17/83,13.8,5.7
11/18/83,15.8,9.8
11/19/83,16.4,7.3
11/20/83,17.6,10.8
11/21/83,28.2,10
11/22/83,25.5,16.2
11/23/83,22.7,15
11/24/83,28,14.5
11/25/83,17,15.9
11/26/83,22.6,14.9
11/27/83,24.5,14.2
11/28/83,25.6,15.8
11/29/83,27.5,17.2
11/30/83,18.5,17.6
12/1/83,18.2,12.1
12/2/83,18.8,11.4
12/3/83,17.8,13
12/4/83,18.9,13.2
12/5/83,24,12
12/6/83,20.9,15.3
12/7/83,16.8,12.7
12/8/83,18.5,12.1
12/9/83,20.6,13.8
12/10/83,24.9,10.9
12/11/83,28.1,12
12/12/83,25.7,16.5
12/13/83,19.2,15
12/14/83,32.7,11.2
12/15/83,21.3,13.9
12/16/83,20.4,15
12/17/83,20.5,14.8
12/18/83,22.8,15
12/19/83,35.3,13.3
12/20/83,38.7,20.4
12/21/83,21.4,18
12/22/83,23.3,12.2
12/23/83,22,16.7
12/24/83,31.7,13.8
12/25/83,23.4,17.5
12/26/83,19.1,15
12/27/83,19.5,13.9
12/28/83,30,11.1
12/29/83,32.4,16.1
12/30/83,33.6,20.4
12/31/83,30,18
1/1/84,27.7,19.5
1/2/84,28.1,17.1
1/3/84,23.7,17.1
1/4/84,20.6,12
1/5/84,32.3,11
1/6/84,31.2,16.3
1/7/84,21.5,16.1
1/8/84,23,13
1/9/84,21.9,13.4
1/10/84,23,15.2
1/11/84,21.6,12.5
1/12/84,27.2,14.3
1/13/84,29.2,16.5
1/14/84,32,18.6
1/15/84,22.5,18
1/16/84,23.9,18.2
1/17/84,19.7,11.4
1/18/84,19.5,11.9
1/19/84,22,12.2
1/20/84,22.1,14.8
1/21/84,19.7,13.1
1/22/84,19.4,12.7
1/23/84,30.5,10.5
1/24/84,28.5,13.8
1/25/84,20.2,18.8
1/26/84,19,13.9
1/27/84,20.2,11.2
1/28/84,22.6,10.6
1/29/84,28.4,14.7
1/30/84,18.6,13.1
1/31/84,20.3,12.1
2/1/84,19,14.7
2/2/84,26.2,11.1
2/3/84,30,13
2/4/84,24.2,15.6
2/5/84,23.4,14.2
2/6/84,34.7,15.5
2/7/84,20.4,18
2/8/84,20.7,15
2/9/84,20,15.9
2/10/84,19.5,15.5
2/11/84,31.6,15.8
2/12/84,33.7,16.6
2/13/84,23.5,13.6
2/14/84,24.6,13.8
2/15/84,33.9,14.6
2/16/84,22.4,15.6
2/17/84,24.3,16.6
2/18/84,29.5,14.3
2/19/84,31.7,16.3
2/20/84,32.9,18.9
2/21/84,20.5,18.7
2/22/84,28.5,14.5
2/23/84,27.3,16.5
2/24/84,19.5,14.1
2/25/84,21.4,13.5
2/26/84,33.2,11.7
2/27/84,35,15.1
2/28/84,18.1,11.2
2/29/84,17.2,13.5
3/1/84,18.1,12.6
3/2/84,19.5,8.8
3/3/84,21.5,10.5
3/4/84,29.2,12.1
3/5/84,33.8,14.5
3/6/84,20.8,19.5
3/7/84,17.5,14
3/8/84,21,13.8
3/9/84,27.4,10.5
3/10/84,21.2,13.8
3/11/84,27.1,11.4
3/12/84,22.8,15.6
3/13/84,18.7,11.1
3/14/84,19,12.1
3/15/84,19.7,14.2
3/16/84,28.7,10.9
3/17/84,25.5,14.2
3/18/84,18.4,13.8
3/19/84,18.5,15.1
3/20/84,23.6,14
3/21/84,26.9,12.1
3/22/84,28,13.8
3/23/84,24.7,16.6
3/24/84,21.5,17.8
3/25/84,17.5,9.4
3/26/84,16.1,10.2
3/27/84,18.7,7.4
3/28/84,24.5,8.7
3/29/84,27.6,14
3/30/84,17.4,15.3
3/31/84,18.2,11.1
4/1/84,19.7,9.7
4/2/84,18.5,10.3
4/3/84,17.7,9.2
4/4/84,20.7,8.2
4/5/84,21.2,9.7
4/6/84,17.2,12.4
4/7/84,21.5,12.5
4/8/84,22,9
4/9/84,23.2,9.7
4/10/84,25.4,10.1
4/11/84,24.6,11.2
4/12/84,24.8,12
4/13/84,25,11.1
4/14/84,25,10.8
4/15/84,18.2,12.8
4/16/84,21.5,9.8
4/17/84,16.2,13.7
4/18/84,17.3,11
4/19/84,15.5,13.2
4/20/84,16.4,13
4/21/84,19.6,10.2
4/22/84,18.5,13.2
4/23/84,16.5,9.3
4/24/84,16,11.1
4/25/84,17.7,10.3
4/26/84,19.2,8.7
4/27/84,16.8,11.7
4/28/84,16.5,12.5
4/29/84,22.5,6.5
4/30/84,22.7,9.6
5/1/84,23.5,13.8
5/2/84,19,14.7
5/3/84,15.5,9.1
5/4/84,13.5,4.8
5/5/84,14,3.3
5/6/84,14.7,3.5
5/7/84,15.6,5.7
5/8/84,17,5.5
5/9/84,18,7
5/10/84,19.6,9.5
5/11/84,17.1,9.9
5/12/84,16.7,4.9
5/13/84,16.9,6.3
5/14/84,18.2,4.8
5/15/84,19.4,6.2
5/16/84,22,7.1
5/17/84,21.7,7.5
5/18/84,22,9.4
5/19/84,22.2,8.7
5/20/84,20,9.5
5/21/84,16.5,12.1
5/22/84,15.6,9.5
5/23/84,15,9.3
5/24/84,16.6,8.5
5/25/84,18.7,8
5/26/84,18.7,9.8
5/27/84,18.1,6.2
5/28/84,15.6,7.3
5/29/84,20.1,10.9
5/30/84,20.3,10
5/31/84,15.2,8.7
6/1/84,17.1,9
6/2/84,16.3,10.8
6/3/84,18.3,12.4
6/4/84,18.3,7.2
6/5/84,19,7.2
6/6/84,20,11.1
6/7/84,15.7,9.3
6/8/84,14.9,10.1
6/9/84,13.1,3.9
6/10/84,13.6,5
6/11/84,13.8,8.2
6/12/84,15,2.8
6/13/84,16.9,4.3
6/14/84,18.3,8.1
6/15/84,16.4,11.1
6/16/84,14,4.7
6/17/84,12.5,5.3
6/18/84,12.8,10
6/19/84,12.2,5.6
6/20/84,14.2,2.2
6/21/84,14.2,7.1
6/22/84,15.5,8.3
6/23/84,15.1,8.6
6/24/84,14.4,10.1
6/25/84,12.9,8.3
6/26/84,10.8,7.2
6/27/84,11.7,7.7
6/28/84,13.3,7.8
6/29/84,12.4,9.1
6/30/84,13.4,9.4
7/1/84,10.6,7.8
7/2/84,7,2.6
7/3/84,12.6,2.4
7/4/84,13.2,3.9
7/5/84,12.1,1.3
7/6/84,10.3,2.1
7/7/84,15.7,7.4
7/8/84,11.7,7.2
7/9/84,15.1,8.8
7/10/84,15.8,8.9
7/11/84,15,8.8
7/12/84,11.6,8
7/13/84,11.4,0.7
7/14/84,10,0.1
7/15/84,14.7,0.9
7/16/84,13.6,7.8
7/17/84,13.2,7.2
7/18/84,11,8
7/19/84,13,4.6
7/20/84,12,5.2
7/21/84,10.6,5.8
7/22/84,13.3,6.8
7/23/84,14.5,8.1
7/24/84,13.5,7.5
7/25/84,15.9,5.4
7/26/84,12.8,4.6
7/27/84,11.7,6.4
7/28/84,13,9.7
7/29/84,14,7
7/30/84,16,10
7/31/84,17,10.6
8/1/84,16.3,11.5
8/2/84,17.6,10.2
8/3/84,19.5,11.1
8/4/84,14,11
8/5/84,17.5,8.9
8/6/84,19.2,9.9
8/7/84,18.5,11.7
8/8/84,15.1,11.6
8/9/84,15.4,9
8/10/84,13.3,6.3
8/11/84,13.1,8.7
8/12/84,12.8,8.5
8/13/84,12,8.5
8/14/84,13.3,8
8/15/84,12.9,6
8/16/84,15.4,8
8/17/84,13.4,8.5
8/18/84,15.1,7.7
8/19/84,14.7,8.4
8/20/84,14.9,9
8/21/84,16.8,8.3
8/22/84,15.8,6.8
8/23/84,17,9.3
8/24/84,14.1,6.7
8/25/84,16.5,9
8/26/84,12.4,7.3
8/27/84,12.7,6.3
8/28/84,14.6,7.9
8/29/84,17.6,5.2
8/30/84,19.6,9
8/31/84,17.3,11.3
9/1/84,17.9,9.2
9/2/84,17.8,11.3
9/3/84,13,7
9/4/84,13.2,8
9/5/84,17.1,4.6
9/6/84,19.6,8.5
9/7/84,16.3,9.5
9/8/84,16.9,9.4
9/9/84,22.2,10.5
9/10/84,12,9.7
9/11/84,14.2,4.9
9/12/84,16.8,8
9/13/84,16.9,5.8
9/14/84,22,5.5
9/15/84,16.4,10.9
9/16/84,14.2,11.7
9/17/84,11.8,9.2
9/18/84,15.2,8.9
9/19/84,12.6,11.3
9/20/84,13.2,8.6
9/21/84,14.4,6.2
9/22/84,15,6.6
9/23/84,16.5,9.1
9/24/84,13.3,6.1
9/25/84,14.5,7.5
9/26/84,16.7,10.7
9/27/84,13.8,6.3
9/28/84,12.4,5.5
9/29/84,13.7,6.7
9/30/84,19.9,4.2
10/1/84,24,11.3
10/2/84,18.7,16.3
10/3/84,18.9,10.5
10/4/84,20.2,10.3
10/5/84,19.9,7.9
10/6/84,24,7.7
10/7/84,27.3,16
10/8/84,24.2,14.6
10/9/84,18,12.5
10/10/84,21.3,8.1
10/11/84,26.6,12.2
10/12/84,18.5,17.2
10/13/84,18.2,9.4
10/14/84,21,8.7
10/15/84,12,5.9
10/16/84,12.2,4.8
10/17/84,14.1,7.4
10/18/84,16.5,9.4
10/19/84,15.5,9.7
10/20/84,15,9.9
10/21/84,20.8,6.5
10/22/84,27.3,9.8
10/23/84,28.4,18.2
10/24/84,18.9,11.3
10/25/84,18.2,9.1
10/26/84,25.5,9.6
10/27/84,15.9,13.5
10/28/84,15.5,10.7
10/29/84,21.4,10
10/30/84,23.2,8.5
10/31/84,26.8,12.6
11/1/84,23.9,16.6
11/2/84,19.1,11.6
11/3/84,15.2,12.2
11/4/84,14.9,11.2
11/5/84,21.3,9.2
11/6/84,25.4,9.9
11/7/84,28.7,11.9
11/8/84,32.3,15.6
11/9/84,25.7,19
11/10/84,19,12.8
11/11/84,19.4,12.2
11/12/84,15,12
11/13/84,16.5,11.1
11/14/84,16.3,11.8
11/15/84,28.9,7.6
11/16/84,27.4,13
11/17/84,32.9,12.7
11/18/84,27,16
11/19/84,23.7,14.8
11/20/84,22.8,14.2
11/21/84,16.5,10
11/22/84,14,8.8
11/23/84,18,11.6
11/24/84,28.2,8.6
11/25/84,32.8,14.6
11/26/84,28,24.3
11/27/84,22.2,11.6
11/28/84,21.8,10.8
11/29/84,18.7,12
11/30/84,25.5,11
12/1/84,27.6,12.6
12/2/84,16.5,10.8
12/3/84,15.9,9.1
12/4/84,16.8,11
12/5/84,17.9,13
12/6/84,23.1,12.8
12/7/84,22.8,9.9
12/8/84,24.2,11.6
12/9/84,27.7,10.5
12/10/84,21.3,15.9
12/11/84,23.5,12.2
12/12/84,17.9,13
12/13/84,24.2,12.5
12/14/84,20,12.5
12/15/84,23.7,11.4
12/16/84,27,12.1
12/17/84,24.6,16.8
12/18/84,25,12.1
12/19/84,20,11.3
12/20/84,22.7,10.4
12/21/84,22.6,14.2
12/22/84,29.2,11.4
12/23/84,27.8,13.7
12/24/84,26.5,16.5
12/25/84,18.9,12.8
12/26/84,23.2,12.2
12/27/84,24.2,12
12/28/84,28.1,12.6
12/29/84,30.3,16
12/30/84,25.6,16.4
1/1/85,20.7,13.3
1/2/85,19.6,15.2
1/3/85,21.7,13.1
1/4/85,28,12.7
1/5/85,21.3,14.6
1/6/85,21.4,11
1/7/85,21.4,13.2
1/8/85,22.6,12.2
1/9/85,21.7,14.4
1/10/85,21.8,13.7
1/11/85,19.8,14.5
1/12/85,30.4,14.1
1/13/85,36,14.4
1/14/85,42.2,19.7
1/15/85,21.1,16.5
1/16/85,20,15.9
1/17/85,18.4,11.8
1/18/85,19.1,12
1/19/85,19.3,11.4
1/20/85,18.8,14.4
1/21/85,22.8,12.4
1/22/85,20,15.1
1/23/85,21.9,15.6
1/24/85,20.1,15.2
1/25/85,23.2,12.8
1/26/85,34.5,13.3
1/27/85,22.1,17.5
1/28/85,21.6,15.4
1/29/85,30,13.5
1/30/85,34,16.7
1/31/85,22.2,15.2
2/1/85,19.6,14.9
2/2/85,25.4,10.2
2/3/85,37.1,13.6
2/4/85,30.2,19
2/5/85,29.1,15.7
2/6/85,21.1,18
2/7/85,19.1,14.8
2/8/85,22.2,13.9
2/9/85,24.4,13
2/10/85,20.3,15.3
2/11/85,28,14.3
2/12/85,32.2,15.6
2/13/85,23.4,16
2/14/85,21.4,14.9
2/15/85,33.5,11.1
2/16/85,18.6,14.8
2/17/85,19.2,13
2/18/85,21.1,12.2
2/19/85,29.5,10.9
2/20/85,25.7,14.6
2/21/85,32.4,16.6
2/22/85,28.5,18.1
2/23/85,20.6,13.4
2/24/85,25.2,10.3
2/25/85,20.8,13.6
2/26/85,17.5,13.8
2/27/85,20.1,10.3
2/28/85,22.4,11
3/1/85,24,14.3
3/2/85,21,15.5
3/3/85,26.8,14.7
3/4/85,17.7,12.7
3/5/85,19.2,10.7
3/6/85,19.1,12.6
3/7/85,26.4,9.8
3/8/85,29.7,13.2
3/9/85,30.2,15.2
3/10/85,33,16.6
3/11/85,33.3,21
3/12/85,33,22.4
3/13/85,36.1,17
3/14/85,34,21.7
3/15/85,34.7,21.4
3/16/85,20.4,18.6
3/17/85,19.4,16.2
3/18/85,21.3,16.8
3/19/85,26.8,17
3/20/85,28.5,18.4
3/21/85,25.6,17.2
3/22/85,28.6,18.4
3/23/85,32.5,18.8
3/24/85,18.7,16.5
3/25/85,23.2,13.3
3/26/85,23.7,12.2
3/27/85,27.2,11.3
3/28/85,23.5,13.8
3/29/85,19,16.6
3/30/85,22.6,14
3/31/85,30.1,14.3
4/1/85,23.3,16.4
4/2/85,19.7,11.9
4/3/85,22.3,15.7
4/4/85,21.6,17.6
4/5/85,23.5,17.5
4/6/85,22.6,15.9
4/7/85,24,16.2
4/8/85,22.9,16
4/9/85,22.4,15.9
4/10/85,28.8,16.2
4/11/85,30,16.2
4/12/85,32.4,19.5
4/13/85,33.8,18.2
4/14/85,26.8,21.8
4/15/85,18.6,15.1
4/16/85,17,11
4/17/85,15.3,8.1
4/18/85,15.3,9.5
4/19/85,16.8,9.3
4/20/85,16,10.6
4/21/85,16.6,6.3
4/22/85,17.2,8.6
4/23/85,21.5,6.8
4/24/85,19.7,8.7
4/25/85,19.8,8.4
4/26/85,21.2,9.3
4/27/85,23.7,10
4/28/85,23.9,10.5
4/29/85,25.6,12
4/30/85,24.7,10.1
5/1/85,20.2,9.4
5/2/85,23.5,10.1
5/3/85,22.2,8
5/4/85,24.5,10.6
5/5/85,25.5,13.6
5/6/85,18.8,15.4
5/7/85,18,9
5/8/85,14.9,10.4
5/9/85,18.3,11
5/10/85,19.2,12.1
5/11/85,18.9,13.4
5/12/85,19.2,11.3
5/13/85,21.5,6.7
5/14/85,18,9.8
5/15/85,13.1,10.8
5/16/85,14.9,7.8
5/17/85,15.2,4.5
5/18/85,13.5,7.6
5/19/85,15.2,6.9
5/20/85,14.2,7.5
5/21/85,14.6,8.5
5/22/85,16,5.5
5/23/85,15.1,9.5
5/24/85,15.6,7.3
5/25/85,17.5,5.4
5/26/85,18.8,5.5
5/27/85,20.4,8.1
5/28/85,20.3,11.2
5/29/85,19.1,13.4
5/30/85,14.9,11.6
5/31/85,14.6,10.1
6/1/85,13.7,4.3
6/2/85,13,5.5
6/3/85,13.4,4.4
6/4/85,12.7,5.9
6/5/85,14.2,5.7
6/6/85,13.7,8.2
6/7/85,12.7,8.2
6/8/85,14.1,4.2
6/9/85,12.8,6.5
6/10/85,17.1,10
6/11/85,14,8.8
6/12/85,14.5,6.6
6/13/85,15.7,7.8
6/14/85,14.1,10.1
6/15/85,13.7,7.1
6/16/85,13.3,7.7
6/17/85,13.4,8.5
6/18/85,11.9,7.3
6/19/85,13.6,6.9
6/20/85,13.3,8.4
6/21/85,12.2,7.1
6/22/85,10.8,6.3
6/23/85,13,0.6
6/24/85,14.1,1.6
6/25/85,14.4,7
6/26/85,13.3,8.3
6/27/85,15.7,8
6/28/85,15.6,10.2
6/29/85,19.3,10.6
6/30/85,16.3,10.4
7/1/85,19.4,11.6
7/2/85,17.7,11
7/3/85,16.9,10.7
7/4/85,14.4,7.3
7/5/85,14.3,4.2
7/6/85,13,4.7
7/7/85,12.3,5.6
7/8/85,12.8,7.7
7/9/85,12.7,7.5
7/10/85,10.8,4.9
7/11/85,14.6,5.9
7/12/85,13.3,7.8
7/13/85,12.7,5.8
7/14/85,12.9,7
7/15/85,15.7,8.4
7/16/85,11.4,6.2
7/17/85,12,7.5
7/18/85,12.2,4.8
7/19/85,11.8,3.3
7/20/85,13.1,3.2
7/21/85,15.5,7
7/22/85,11.3,8.4
7/23/85,12,0.3
7/24/85,12.8,0.3
7/25/85,11.6,2.1
7/26/85,12.4,8.5
7/27/85,12.6,1.4
7/28/85,17.4,4.1
7/29/85,13.4,10.3
7/30/85,11.3,6.6
7/31/85,12.1,6.1
8/1/85,12.7,7
8/2/85,12.5,5.1
8/3/85,13.2,6.3
8/4/85,17.1,6.9
8/5/85,15.9,11.4
8/6/85,15,10.4
8/7/85,13.2,10.3
8/8/85,12.6,9.2
8/9/85,11.8,7.2
8/10/85,12,7.5
8/11/85,14,4
8/12/85,13.7,5.6
8/13/85,16.1,6.7
8/14/85,19.8,8.4
8/15/85,15.7,11
8/16/85,13.2,8.4
8/17/85,13.6,8.8
8/18/85,13.5,8.6
8/19/85,11.7,8.3
8/20/85,11.4,4
8/21/85,15.4,3.6
8/22/85,17.4,5.7
8/23/85,15.3,10.6
8/24/85,16.7,6.9
8/25/85,16.5,10
8/26/85,15.3,9.8
8/27/85,18.8,7.2
8/28/85,15.3,10.5
8/29/85,15.6,3.6
8/30/85,18.7,5.3
8/31/85,17.4,8.4
9/1/85,12.6,10.3
9/2/85,12.9,7.9
9/3/85,13.5,8.5
9/4/85,13.6,7.9
9/5/85,13.7,8
9/6/85,15.1,9.8
9/7/85,14.3,6.7
9/8/85,21.3,4.8
9/9/85,21.5,9.9
9/10/85,23.2,12.8
9/11/85,15.3,10.9
9/12/85,19.1,11.7
9/13/85,15.3,11.7
9/14/85,14.8,11
9/15/85,15.6,8.2
9/16/85,14.6,7.5
9/17/85,14.7,5.4
9/18/85,13.7,7.2
9/19/85,13.6,9.7
9/20/85,13.5,8.4
9/21/85,14.6,9
9/22/85,15.6,8.7
9/23/85,20.7,6.6
9/24/85,25.1,11.6
9/25/85,19.7,13.1
9/26/85,12.5,6.7
9/27/85,14.1,6.5
9/28/85,13.3,7.7
9/29/85,14.7,8.7
9/30/85,20.5,7.2
10/1/85,21.8,10.5
10/2/85,16.2,8.6
10/3/85,25.8,7.2
10/4/85,26.6,11.4
10/5/85,19.4,16.2
10/6/85,21.1,6.1
10/7/85,20.2,9.6
10/8/85,20.9,11.1
10/9/85,18.1,13.6
10/10/85,26.3,10.7
10/11/85,19.2,14.7
10/12/85,16.1,11.6
10/13/85,17.9,7.3
10/14/85,21.1,8
10/15/85,25.7,9.6
10/16/85,23.7,16
10/17/85,19.7,15.1
10/18/85,16.8,12.8
10/19/85,14.3,6.2
10/20/85,14.2,7.1
10/21/85,20.5,8.4
10/22/85,22.2,10
10/23/85,15.4,12.7
10/24/85,17.2,10
10/25/85,18,10.2
10/26/85,20.5,6.5
10/27/85,23.8,9.2
10/28/85,24.1,11.9
10/29/85,25.8,14.7
10/30/85,19.4,11.4
10/31/85,18.3,6.8
11/1/85,22.3,7.4
11/2/85,17.4,11.2
11/3/85,20.2,9.2
11/4/85,27.5,12.6
11/5/85,23.9,16
11/6/85,22.8,17.1
11/7/85,22.7,15.3
11/8/85,21.5,13.3
11/9/85,21.9,15.4
11/10/85,30.3,13.2
11/11/85,17.7,14.4
11/12/85,26.8,14
11/13/85,28.3,15.5
11/14/85,24.2,21
11/15/85,18.2,10
11/16/85,21.8,9.6
11/17/85,17.8,12
11/18/85,16.1,12.2
11/19/85,18.7,11.3
11/20/85,17.1,13.2
11/21/85,15.7,10.5
11/22/85,20.8,10.1
11/23/85,26.2,8.8
11/24/85,26.2,13.7
11/25/85,21.3,16.2
11/26/85,20.5,16
11/27/85,20.7,14
11/28/85,19.9,13.7
11/29/85,19.1,12.5
11/30/85,21.7,12.8
12/1/85,25.6,12.3
12/2/85,23.4,15.2
12/3/85,26.6,15
12/4/85,23.5,16.4
12/5/85,25,16.1
12/6/85,25.8,14.6
12/7/85,28.1,18.2
12/8/85,27.8,16.4
12/9/85,23.2,16.6
12/10/85,21,14.7
12/11/85,21.1,15.8
12/12/85,18.3,14.1
12/13/85,19.6,13.5
12/14/85,22.2,13.6
12/15/85,30.6,13.7
12/16/85,23.1,13.6
12/17/85,18.4,12.1
12/18/85,22.4,12.7
12/19/85,30.9,13.3
12/20/85,25.2,14.2
12/21/85,21.4,15
12/22/85,20.4,13.7
12/23/85,18.7,12
12/24/85,22,13.1
12/25/85,26.6,13.2
12/26/85,20.4,13.3
12/27/85,18.5,11.5
12/28/85,22.5,10.8
12/29/85,32.7,12
12/30/85,27.8,16.3
12/31/85,19,14.4
1/1/86,21,12.9
1/2/86,18.5,13.8
1/3/86,22.2,10.6
1/4/86,23.3,12.6
1/5/86,19.8,13.7
1/6/86,24.7,12.6
1/7/86,32.4,13.1
1/8/86,20,15.4
1/9/86,18.2,11.9
1/10/86,20.4,13.8
1/11/86,25.5,14.4
1/12/86,24.4,15.2
1/13/86,21.5,12.5
1/14/86,32.4,12.2
1/15/86,27.2,16.1
1/16/86,19.1,14.6
1/17/86,19.7,11.6
1/18/86,21.3,13.1
1/19/86,20.3,12.8
1/20/86,21,15.2
1/21/86,22.6,13.8
1/22/86,21.5,15
1/23/86,24.2,13.5
1/24/86,25,11.8
1/25/86,20.6,15.3
1/26/86,19.6,13.5
1/27/86,20,15.3
1/28/86,29.5,13.8
1/29/86,35.5,15.8
1/30/86,21.1,17.4
1/31/86,23.7,15.3
2/1/86,33.7,14.6
2/2/86,21.8,14.8
2/3/86,21.2,10.7
2/4/86,23.7,11.6
2/5/86,26.4,13.6
2/6/86,21.8,14.4
2/7/86,31.1,11.8
2/8/86,38.3,15.8
2/9/86,22.7,16
2/10/86,21.5,11.8
2/11/86,20.8,14.5
2/12/86,30,10.7
2/13/86,34.5,14.2
2/14/86,36.5,19.5
2/15/86,28.9,21.4
2/16/86,27.2,17.9
2/17/86,25.5,17.4
2/18/86,22.3,12.7
2/19/86,21.8,13.8
2/20/86,22.4,14
2/21/86,19.7,15
2/22/86,19.4,14.5
2/23/86,18.5,13.1
2/24/86,24,11.4
2/25/86,25.8,12.5
2/26/86,25.5,12
2/27/86,26.6,13.4
2/28/86,34.5,14.4
3/1/86,21.1,17.7
3/2/86,20.4,13.9
3/3/86,24.9,13.3
3/4/86,21.9,14.6
3/5/86,25.5,16.4
3/6/86,38,16.8
3/7/86,36.4,20
3/8/86,19,12.5
3/9/86,18.4,12.7
3/10/86,17.7,11.7
3/11/86,21.3,12.7
3/12/86,25.7,8.6
3/13/86,30.5,11.9
3/14/86,32.6,16
3/15/86,23,15.2
3/16/86,20.5,13.4
3/17/86,21.8,11.6
3/18/86,26.4,11.1
3/19/86,25.8,15.6
3/20/86,36.7,17
3/21/86,27.2,18.5
3/22/86,27.7,17.4
3/23/86,20.4,16.5
3/24/86,18.8,16.2
3/25/86,22.6,16.1
3/26/86,32.7,13.2
3/27/86,22.8,18
3/28/86,24.4,12.8
3/29/86,32.6,11.7
3/30/86,29.1,16.7
3/31/86,18.3,15.6
4/1/86,19.6,10.2
4/2/86,28.6,10.3
4/3/86,26.8,15
4/4/86,30.7,18
4/5/86,16.8,13.8
4/6/86,16.1,10.5
4/7/86,18.2,11.8
4/8/86,19.3,7.2
4/9/86,19.8,11.6
4/10/86,26.8,7.4
4/11/86,17.5,14.2
4/12/86,18.2,12.2
4/13/86,24.9,9
4/14/86,27.3,12.3
4/15/86,24.8,19.7
4/16/86,18,12.8
4/17/86,16.8,12.4
4/18/86,14.6,12
4/19/86,18.7,12
4/20/86,18.8,11.1
4/21/86,19.5,12.7
4/22/86,21.1,14.2
4/23/86,20,11.6
4/24/86,18.5,12
4/25/86,17,11.5
4/26/86,16.2,8.3
4/27/86,16.7,10.5
4/28/86,14.9,9
4/29/86,15.5,6.9
4/30/86,15.3,9.4
5/1/86,15.7,11.1
5/2/86,17.3,9.1
5/3/86,17.1,7.7
5/4/86,16.2,10
5/5/86,15.4,10.4
5/6/86,15,8
5/7/86,19,9.8
5/8/86,19.7,12.4
5/9/86,19.7,12.9
5/10/86,15.1,12.3
5/11/86,16.4,6.9
5/12/86,21.7,10.5
5/13/86,19.5,11
5/14/86,17.2,9.7
5/15/86,16.4,11.1
5/16/86,18,11.5
5/17/86,19.5,13.4
5/18/86,16.2,10.9
5/19/86,16,12
5/20/86,14.4,12.1
5/21/86,15.4,10.4
5/22/86,18.2,10
5/23/86,13.8,9.6
5/24/86,16.1,11.3
5/25/86,13.7,8.5
5/26/86,16.8,6.3
5/27/86,15.9,8.2
5/28/86,16.7,10.7
5/29/86,14.6,10.3
5/30/86,15.2,9.5
5/31/86,14,10.9
6/1/86,14.1,10.9
6/2/86,16,4.3
6/3/86,16.7,5.2
6/4/86,15.2,11
6/5/86,13.3,11.6
6/6/86,14,10.6
6/7/86,15.9,9.4
6/8/86,14.5,10
6/9/86,14.2,9.6
6/10/86,13,9.5
6/11/86,13.7,9.7
6/12/86,14.7,9.6
6/13/86,14.6,7
6/14/86,13.9,7
6/15/86,14.2,6.8
6/16/86,16.8,6.9
6/17/86,14.7,8
6/18/86,12.1,7.6
6/19/86,10.2,8.6
6/20/86,10.8,5.7
6/21/86,11.9,5.5
6/22/86,11.8,5.7
6/23/86,12,5.7
6/24/86,12.7,6.6
6/25/86,13.6,6
6/26/86,13,6.9
6/27/86,13.1,7.7
6/28/86,11.1,8
6/29/86,12.8,3.9
6/30/86,13.3,0.8
7/1/86,11.7,2.8
7/2/86,14.3,8
7/3/86,15.4,9.8
7/4/86,14.2,11.4
7/5/86,13,8.6
7/6/86,13.1,5.2
7/7/86,12.4,6.6
7/8/86,11.2,5.7
7/9/86,9.2,4.6
7/10/86,12.4,5.8
7/11/86,12.7,7
7/12/86,13.7,4.8
7/13/86,12.7,4.4
7/14/86,15,4.4
7/15/86,16.4,7.9
7/16/86,14,10.6
7/17/86,13.2,5
7/18/86,13.6,7.6
7/19/86,15.4,9.2
7/20/86,13.8,9.7
7/21/86,15,8.8
7/22/86,14.5,6.8
7/23/86,14.8,9.4
7/24/86,14,11
7/25/86,8.2,2.5
7/26/86,10,2.1
7/27/86,11.2,5.4
7/28/86,13.3,6.2
7/29/86,13.7,7.8
7/30/86,15,7.4
7/31/86,12.5,9.3
8/1/86,15.3,9.3
8/2/86,16.4,9.5
8/3/86,17.6,8.5
8/4/86,15,10
8/5/86,14.8,7.7
8/6/86,13.8,9.3
8/7/86,14.8,9.1
8/8/86,16.6,3.5
8/9/86,17.3,3.6
8/10/86,12.2,2.5
8/11/86,12.1,1.7
8/12/86,13.9,2.7
8/13/86,16.8,2.9
8/14/86,16.8,5.3
8/15/86,14.5,7.7
8/16/86,15.1,9.1
8/17/86,13.8,9.4
8/18/86,13,7.3
8/19/86,14.5,8.4
8/20/86,18,9.2
8/21/86,20.2,6.6
8/22/86,21,9.7
8/23/86,16.5,12.4
8/24/86,12.2,10.2
8/25/86,15,5.9
8/26/86,15.7,7.1
8/27/86,17.7,7.5
8/28/86,18.9,9.7
8/29/86,14.9,12.2
8/30/86,11.4,5.6
8/31/86,15.4,5.4
9/1/86,15.2,8.3
9/2/86,17.6,10.6
9/3/86,17.2,9.1
9/4/86,21.6,11.3
9/5/86,18.7,10.9
9/6/86,13.9,8.9
9/7/86,13.3,6.3
9/8/86,14.6,9
9/9/86,16.5,6.1
9/10/86,17.7,9.1
9/11/86,13.6,9.6
9/12/86,15.2,6
9/13/86,15.5,10
9/14/86,16.5,11
9/15/86,18.8,6.2
9/16/86,13.6,8.3
9/17/86,14,11.3
9/18/86,13.8,11.3
9/19/86,16,6.7
9/20/86,19.3,6.6
9/21/86,16.9,11.4
9/22/86,14.3,6.9
9/23/86,16.7,10.6
9/24/86,21.3,8.6
9/25/86,19.4,11.3
9/26/86,18.7,12.5
9/27/86,14.7,9.9
9/28/86,16.2,6.9
9/29/86,15.5,5.5
9/30/86,23.4,7.8
10/1/86,22,11
10/2/86,16.7,16.2
10/3/86,14.4,9.9
10/4/86,16.4,8.7
10/5/86,19.6,10.5
10/6/86,18.3,12.2
10/7/86,14.4,10.6
10/8/86,14.8,8.3
10/9/86,17.1,5.5
10/10/86,15.2,9
10/11/86,19.5,6.4
10/12/86,21.1,7.2
10/13/86,21.7,12.9
10/14/86,14.6,12
10/15/86,18.2,7.3
10/16/86,17.8,9.7
10/17/86,23.5,8.4
10/18/86,20.8,14.7
10/19/86,15.7,9.5
10/20/86,16.1,7.9
10/21/86,21,6.8
10/22/86,15,12.6
10/23/86,16,5.2
10/24/86,16,7.5
10/25/86,14.8,8.7
10/26/86,14.6,7.6
10/27/86,16.1,9
10/28/86,21.6,7.2
10/29/86,23.8,10.7
10/30/86,27,13.1
10/31/86,20.7,13.9
11/1/86,19.7,10.8
11/2/86,20,10.4
11/3/86,28.8,9.1
11/4/86,30,16
11/5/86,33.1,21
11/6/86,18.9,16.2
11/7/86,16.3,8.6
11/8/86,19,9.2
11/9/86,18.3,12.5
11/10/86,21.2,9.7
11/11/86,16.5,12.5
11/12/86,16.7,10.3
11/13/86,19.5,12
11/14/86,29.1,11
11/15/86,19.7,14.8
11/16/86,22.6,15
11/17/86,20.7,15.3
11/18/86,14,10.3
11/19/86,15.5,10.7
11/20/86,14.8,10.5
11/21/86,19.2,8.9
11/22/86,27.4,8.1
11/23/86,18.5,11.5
11/24/86,18.5,12.8
11/25/86,31.5,9.1
11/26/86,16.7,14.6
11/27/86,15.7,11.6
11/28/86,16.7,11.2
11/29/86,22,12.6
11/30/86,25.7,7.5
12/1/86,29.2,11
12/2/86,27.7,14.5
12/3/86,29.4,18.5
12/4/86,19.9,15.4
12/5/86,27.8,13.1
12/6/86,31.2,16.3
12/7/86,22.8,20.2
12/8/86,17.6,11.5
12/9/86,19.4,12.4
12/10/86,27.5,10.9
12/11/86,18.4,12.7
12/12/86,17.3,12.2
12/13/86,17.5,12.4
12/14/86,17.3,9.8
12/15/86,21.9,8.5
12/16/86,21.1,14.7
12/17/86,17.9,12
12/18/86,19.6,10.3
12/19/86,23.6,11
12/20/86,18.2,10.2
12/21/86,20,12.6
12/22/86,17.5,11.6
12/23/86,18.9,9.7
12/24/86,18.7,13.4
12/25/86,28.9,10.5
12/26/86,21.6,14.7
12/27/86,20.7,14.6
12/28/86,21.8,14.2
12/29/86,21.9,13.2
12/30/86,35,11.7
12/31/86,26,17.2
1/1/87,20,12.3
1/2/87,33.6,13.8
1/3/87,20.1,15.3
1/4/87,23.5,15.6
1/5/87,23.6,16.2
1/6/87,24.5,16.3
1/7/87,27,16.8
1/8/87,17,11
1/9/87,18.9,8.5
1/10/87,21.8,13.2
1/11/87,27.5,13
1/12/87,22.8,12.4
1/13/87,26.5,13
1/14/87,22.7,16.6
1/15/87,22.5,12
1/16/87,37.8,12.4
1/17/87,22,15
1/18/87,27.6,11.8
1/19/87,21.2,11.6
1/20/87,22.6,12.2
1/21/87,18.7,13.7
1/22/87,17.5,11.2
1/23/87,17.7,12.4
1/24/87,30.3,11.5
1/25/87,25.6,13.8
1/26/87,32.7,15.7
1/27/87,22.9,12.9
1/28/87,21,11.5
1/29/87,22.5,11
1/30/87,25.7,12.7
1/31/87,37.8,14.9
2/1/87,21.3,16.5
2/2/87,38.7,12.8
2/3/87,21.5,12.7
2/4/87,18.8,12.7
2/5/87,21.7,11.6
2/6/87,30.6,13.3
2/7/87,40,15.2
2/8/87,20.8,16.4
2/9/87,23.7,11.9
2/10/87,22,15.1
2/11/87,20.5,10.6
2/12/87,23.3,13.6
2/13/87,34.2,12.1
2/14/87,36.7,16
2/15/87,21.3,16.8
2/16/87,28.7,16.6
2/17/87,27.6,15.6
2/18/87,28.8,15.2
2/19/87,37,17.7
2/20/87,21.7,21
2/21/87,22.7,13.4
2/22/87,18.5,10.5
2/23/87,25.4,9.5
2/24/87,28.7,12
2/25/87,18.4,10.4
2/26/87,24.3,11.5
2/27/87,33,13.2
2/28/87,16.5,15
3/1/87,18,14.1
3/2/87,22.1,12.4
3/3/87,24.3,13.4
3/4/87,24.7,12.5
3/5/87,30.1,14.3
3/6/87,22.7,17.6
3/7/87,22.9,10.4
3/8/87,16.4,9.9
3/9/87,16.2,10.2
3/10/87,19,11.3
3/11/87,27,9.5
3/12/87,21.7,11.8
3/13/87,16.7,11.5
3/14/87,17.7,10.5
3/15/87,21.6,10.8
3/16/87,33.8,13
3/17/87,31.8,18.5
3/18/87,32,18.7
3/19/87,17.6,15
3/20/87,20.2,13
3/21/87,17.3,11.3
3/22/87,17,13
3/23/87,15.6,13.3
3/24/87,17.1,11
3/25/87,21.9,10.3
3/26/87,20.1,13
3/27/87,29.7,12.3
3/28/87,20.7,15.6
3/29/87,16.5,10.2
3/30/87,15.8,10.8
3/31/87,17.4,12
4/1/87,19.4,13.3
4/2/87,21.1,11.7
4/3/87,19.9,12.5
4/4/87,28.6,13.7
4/5/87,29.7,14.9
4/6/87,29.7,20.2
4/7/87,19.9,16.3
4/8/87,17.4,13.9
4/9/87,18.6,10.1
4/10/87,23,7.3
4/11/87,25.1,14
4/12/87,26.6,17.7
4/13/87,19,16.3
4/14/87,21.2,10.6
4/15/87,16.5,9.7
4/16/87,17.5,7.8
4/17/87,18.2,10.4
4/18/87,24,10.4
4/19/87,22.8,14.1
4/20/87,15.1,7.1
4/21/87,16.1,8.1
4/22/87,15.8,7.8
4/23/87,17,10.6
4/24/87,19.7,9.1
4/25/87,24.9,9
4/26/87,26.9,11.9
4/27/87,27.9,17.1
4/28/87,18.5,16.8
4/29/87,17,13.5
4/30/87,16.4,11.6
5/1/87,20.8,7
5/2/87,16.7,9.7
5/3/87,15.8,9.9
5/4/87,18.5,11.2
5/5/87,16.5,11.3
5/6/87,16.6,11.8
5/7/87,17.4,9.9
5/8/87,21.7,7.1
5/9/87,22.7,9.6
5/10/87,23.3,9.8
5/11/87,22.5,10.6
5/12/87,21.9,12.8
5/13/87,17.9,16.5
5/14/87,20.1,11.7
5/15/87,16,12.3
5/16/87,16.6,12.2
5/17/87,15.6,11.8
5/18/87,15.2,10.7
5/19/87,14.3,10.2
5/20/87,15,10
5/21/87,14.5,8.3
5/22/87,16.9,6.6
5/23/87,18.3,9.5
5/24/87,18,12.3
5/25/87,13.5,7.6
5/26/87,13.7,9.3
5/27/87,10.9,5
5/28/87,13.6,4.3
5/29/87,15.2,6.4
5/30/87,14.1,10.8
5/31/87,13.2,7.8
6/1/87,13.8,8.5
6/2/87,14.6,9.7
6/3/87,16.2,10
6/4/87,14.5,11
6/5/87,14.3,10.2
6/6/87,15.6,6.6
6/7/87,15.9,6.1
6/8/87,19.3,5.9
6/9/87,16,8.9
6/10/87,20.3,13
6/11/87,15.8,12.6
6/12/87,16.2,5.4
6/13/87,12.8,6
6/14/87,15,7.8
6/15/87,13.4,9
6/16/87,13.2,4.2
6/17/87,13.8,3
6/18/87,15.7,4.5
6/19/87,16.2,6.2
6/20/87,14.9,11.9
6/21/87,18.3,11.8
6/22/87,15.3,9.4
6/23/87,15.2,9.6
6/24/87,14.2,9.4
6/25/87,12,7
6/26/87,13.7,8.9
6/27/87,13.8,9.3
6/28/87,12.3,6.8
6/29/87,12.8,7.5
6/30/87,13.1,8
7/1/87,14.5,8.3
7/2/87,14,2.7
7/3/87,13.3,3.9
7/4/87,15.7,4.1
7/5/87,16,5
7/6/87,16.2,5.8
7/7/87,18,4.4
7/8/87,16.3,4.1
7/9/87,15.8,5.8
7/10/87,13.3,9.1
7/11/87,13.7,7.9
7/12/87,11.5,5
7/13/87,13.7,2.8
7/14/87,12.3,4.7
7/15/87,12.6,8.9
7/16/87,12.7,5.4
7/17/87,14.8,7.1
7/18/87,14.9,9
7/19/87,12,9.4
7/20/87,12.8,6.3
7/21/87,12.4,7
7/22/87,13,6.4
7/23/87,13.1,6.7
7/24/87,12.9,1.5
7/25/87,13.8,2.9
7/26/87,15.2,4.8
7/27/87,13.1,6.3
7/28/87,11.1,5.7
7/29/87,10.8,7
7/30/87,13.1,8.8
7/31/87,15,8.7
8/1/87,15.7,9
8/2/87,16.4,9.6
8/3/87,14.1,8
8/4/87,15.5,8.4
8/5/87,14.8,8.1
8/6/87,13.9,9
8/7/87,15.4,5.3
8/8/87,14.8,8.9
8/9/87,10.9,8.7
8/10/87,12.9,4.9
8/11/87,12.8,7
8/12/87,18.6,7.5
8/13/87,14.6,7
8/14/87,18,9.1
8/15/87,18.5,11.8
8/16/87,11.8,9.9
8/17/87,13.3,5.6
8/18/87,14.5,4.2
8/19/87,14,4.3
8/20/87,13.3,8
8/21/87,15,5.1
8/22/87,18.4,9.4
8/23/87,13.6,9.1
8/24/87,15.3,9.7
8/25/87,16.1,10.6
8/26/87,19,8.6
8/27/87,15.5,10.1
8/28/87,16.2,11
8/29/87,14.9,9.7
8/30/87,17.9,5
8/31/87,10.1,6.1
9/1/87,12.1,5.4
9/2/87,13.1,5.8
9/3/87,12.9,7.3
9/4/87,15.4,6.3
9/5/87,15.6,4.8
9/6/87,14,7.6
9/7/87,14.2,8.1
9/8/87,17.4,9.5
9/9/87,14,10.3
9/10/87,13.6,7
9/11/87,15.7,9
9/12/87,14,10.2
9/13/87,15,6.8
9/14/87,16.4,9.3
9/15/87,15.1,9.8
9/16/87,17.1,10.7
9/17/87,18.9,7.8
9/18/87,23.8,9.2
9/19/87,25.9,15
9/20/87,15,7.8
9/21/87,17,5.3
9/22/87,19,9.5
9/23/87,26.5,7.6
9/24/87,26.9,14
9/25/87,23.7,14.9
9/26/87,30.7,14.9
9/27/87,29.6,19.2
9/28/87,25.9,17
9/29/87,20.2,13
9/30/87,14.8,11.2
10/1/87,13.9,9.5
10/2/87,15.7,10.3
10/3/87,22.8,9.3
10/4/87,18.7,11.3
10/5/87,17,6.5
10/6/87,19,12
10/7/87,14.1,8.3
10/8/87,17.6,8.7
10/9/87,19,8.7
10/10/87,15.8,10.2
10/11/87,12.9,6.9
10/12/87,14.5,4.9
10/13/87,15.9,10
10/14/87,21.9,7.6
10/15/87,24.1,14.5
10/16/87,19.4,13.2
10/17/87,15.4,9.9
10/18/87,17.6,10.1
10/19/87,20.5,11.3
10/20/87,19.4,10.4
10/21/87,18,10.9
10/22/87,16.8,9.2
10/23/87,15.8,10.5
10/24/87,16,11.4
10/25/87,22.1,13.5
10/26/87,26.8,9.8
10/27/87,26.3,13.1
10/28/87,17.5,9.7
10/29/87,19,11.4
10/30/87,30.3,9.9
10/31/87,32.7,14.4
11/1/87,35,19
11/2/87,36.1,23
11/3/87,18.1,15.4
11/4/87,18.1,9.6
11/5/87,16.8,10.8
11/6/87,18.6,12.1
11/7/87,20.5,11
11/8/87,27.8,12.6
11/9/87,18.8,14.7
11/10/87,16.8,11.1
11/11/87,17.2,10.1
11/12/87,19.6,11.4
11/13/87,18.8,13
11/14/87,18.5,11.9
11/15/87,19.8,9.5
11/16/87,30.5,13.5
11/17/87,28.3,15.2
11/18/87,32.6,18.4
11/19/87,30.1,24.1
11/20/87,19.8,14.1
11/21/87,19.9,10.7
11/22/87,23.8,8.7
11/23/87,24.3,13.3
11/24/87,17.4,11.6
11/25/87,18.2,9.9
11/26/87,18.4,10.8
11/27/87,16.9,11.5
11/28/87,24,10
11/29/87,32.8,13.9
11/30/87,18.9,13.6
12/1/87,15.5,11.9
12/2/87,16,11.1
12/3/87,16.6,8.2
12/4/87,20.8,9.4
12/5/87,19.6,12.7
12/6/87,18.5,11.6
12/7/87,17.6,11
12/8/87,20.8,11.3
12/9/87,21.5,13.4
12/10/87,25,14.9
12/11/87,21.2,15.2
12/12/87,22.6,13.9
12/13/87,25.6,15
12/14/87,25.1,16.2
12/15/87,32.5,17.7
12/16/87,27.8,20.5
12/17/87,21.5,14.7
12/18/87,20.7,12.5
12/19/87,19.9,10.9
12/20/87,18.4,12.8
12/21/87,22.3,12.7
12/22/87,24.6,11.2
12/23/87,25.6,11.4
12/24/87,19,11.2
12/25/87,18.7,12.1
12/26/87,29.2,12.7
12/27/87,31.8,16.2
12/28/87,18.4,14.2
12/29/87,19.2,14.3
12/30/87,30.8,13.3
12/31/87,32.2,16.7
1/1/88,22,15.3
1/2/88,21.4,14.3
1/3/88,20,13.5
1/4/88,20.6,15
1/5/88,22.2,13.6
1/6/88,30,15.2
1/7/88,40.4,17
1/8/88,26.3,18.7
1/9/88,39,16.5
1/10/88,30.6,17.4
1/11/88,39.2,18.3
1/12/88,37.8,18.3
1/13/88,28.8,22.4
1/14/88,30.8,21.4
1/15/88,38.7,20.9
1/16/88,25.2,17.6
1/17/88,20.6,15.5
1/18/88,21,16.6
1/19/88,25.6,16.2
1/20/88,36.2,15.6
1/21/88,24.9,14.5
1/22/88,26.2,14
1/23/88,20,15.6
1/24/88,19.7,12.3
1/25/88,20.3,11.6
1/26/88,25.1,12.6
1/27/88,29.1,14.9
1/28/88,37.5,17.3
1/29/88,39.2,21.4
1/30/88,33.7,23.4
1/31/88,19.5,14.4
2/1/88,19.9,14.1
2/2/88,21,15
2/3/88,20.3,14.5
2/4/88,22.6,15.1
2/5/88,32.9,13.9
2/6/88,21.3,13.4
2/7/88,19.5,9.2
2/8/88,19.2,12.5
2/9/88,22,15.1
2/10/88,27.2,12.1
2/11/88,32.2,14.5
2/12/88,25.4,16.3
2/13/88,25,16.5
2/14/88,25.2,14.9
2/15/88,26.7,13.2
2/16/88,25.3,11.8
2/17/88,29.9,13.6
2/18/88,27.6,16.2
2/19/88,20.6,14.1
2/20/88,21,13.5
2/21/88,21.6,15
2/22/88,24,14.8
2/23/88,23.8,16.2
2/24/88,21.9,16.2
2/25/88,29.4,13.3
2/26/88,37.4,15.3
2/27/88,21.5,18.4
2/28/88,21.1,16.2
2/29/88,21,16.3
3/1/88,36.3,12.4
3/2/88,28.7,15.6
3/3/88,19.4,14.9
3/4/88,20.3,14.8
3/5/88,20.8,12.7
3/6/88,30.5,14.2
3/7/88,30.3,16.8
3/8/88,23.4,16.7
3/9/88,25.7,16.2
3/10/88,15.7,14.5
3/11/88,19.3,10
3/12/88,18.8,12.6
3/13/88,17,11.9
3/14/88,17.6,11.8
3/15/88,18.5,13.4
3/16/88,21,14.5
3/17/88,26.9,15.7
3/18/88,30.6,15.3
3/19/88,32.7,13.9
3/20/88,29.2,13.7
3/21/88,25.8,15.1
3/22/88,28.2,15.6
3/23/88,24.7,14.4
3/24/88,30.6,13.9
3/25/88,30.6,16.2
3/26/88,29,16.7
3/27/88,26.5,15.5
3/28/88,25.5,16.4
3/29/88,24.9,17.5
3/30/88,20.9,18.2
3/31/88,23.4,16.1
4/1/88,18.1,16.5
4/2/88,20.7,14.6
4/3/88,20.3,16.4
4/4/88,21.1,13.6
4/5/88,19.5,15.9
4/6/88,20.4,11.9
4/7/88,17.3,14.7
4/8/88,18.5,9.4
4/9/88,21,6.6
4/10/88,23.5,7.9
4/11/88,25.7,11
4/12/88,23.1,15.7
4/13/88,24.8,15.2
4/14/88,22.4,15.9
4/15/88,17.4,10.6
4/16/88,18.3,8.3
4/17/88,26,8.6
4/18/88,25.5,12.7
4/19/88,21.8,10.5
4/20/88,21.2,12
4/21/88,25.2,11.1
4/22/88,21.7,13
4/23/88,22.6,12.4
4/24/88,24.3,13.3
4/25/88,17,15.9
4/26/88,20.7,12
4/27/88,22.7,13.7
4/28/88,25.4,17.6
4/29/88,24.9,14.3
4/30/88,25,13.7
5/1/88,20.5,15.2
5/2/88,20.2,14.5
5/3/88,19.4,14.9
5/4/88,21.4,15.5
5/5/88,25.5,16.4
5/6/88,19.4,14.5
5/7/88,18.8,12.6
5/8/88,17,13.6
5/9/88,15.5,11.2
5/10/88,16.2,11
5/11/88,16.7,12
5/12/88,20.1,6.8
5/13/88,21.4,10.6
5/14/88,16.4,13.1
5/15/88,17.3,13.5
5/16/88,17,11.7
5/17/88,18.2,13.2
5/18/88,17.5,12
5/19/88,14.9,10.4
5/20/88,18,10
5/21/88,16.7,8.2
5/22/88,17.1,9.4
5/23/88,16.8,10.3
5/24/88,17.7,8.1
5/25/88,18.4,8.7
5/26/88,18.5,12.6
5/27/88,15.5,10.9
5/28/88,15.4,8.7
5/29/88,17.5,9.3
5/30/88,16.8,6.3
5/31/88,18.9,7.8
6/1/88,19.4,10
6/2/88,20.3,11
6/3/88,19.3,11.1
6/4/88,17,12.6
6/5/88,16.4,10.2
6/6/88,13.3,11.1
6/7/88,13.6,8.7
6/8/88,14.1,9.5
6/9/88,14.8,9.7
6/10/88,14.1,8.2
6/11/88,17,5
6/12/88,16,6.5
6/13/88,16.5,12.1
6/14/88,14.9,8.9
6/15/88,14.4,6.1
6/16/88,13.5,2.8
6/17/88,11.3,3.7
6/18/88,15,6.8
6/19/88,13,6.6
6/20/88,14.9,7
6/21/88,14.6,7.3
6/22/88,14.1,7.9
6/23/88,15.5,10.6
6/24/88,14.4,8.1
6/25/88,12,6.7
6/26/88,17.5,8
6/27/88,13.3,10
6/28/88,14.3,6.7
6/29/88,14,9.4
6/30/88,13.5,9.3
7/1/88,13.3,6
7/2/88,12.3,5.8
7/3/88,12.6,4.9
7/4/88,14.1,5
7/5/88,16.6,8.4
7/6/88,17.3,12.3
7/7/88,17.1,13
7/8/88,16.1,11.4
7/9/88,15,6.8
7/10/88,15.4,7.6
7/11/88,14.6,12.4
7/12/88,14.6,7.1
7/13/88,16.8,7.5
7/14/88,16.5,10
7/15/88,15.6,5.3
7/16/88,14.8,6.3
7/17/88,15.2,8
7/18/88,15.2,8.3
7/19/88,15,9.3
7/20/88,14.1,9.5
7/21/88,15.5,5.6
7/22/88,12.6,7
7/23/88,12.9,8.5
7/24/88,15.1,8.5
7/25/88,13,8.2
7/26/88,15.6,8.5
7/27/88,13.4,9.6
7/28/88,14.4,9.7
7/29/88,14.5,7.1
7/30/88,15.4,8.4
7/31/88,16.7,9.2
8/1/88,16.1,9.8
8/2/88,16.6,8.1
8/3/88,16.5,9.4
8/4/88,13.8,10
8/5/88,13.4,5.1
8/6/88,11.9,6.7
8/7/88,10.7,6.9
8/8/88,13.2,6.8
8/9/88,13.1,8.6
8/10/88,12.8,9.1
8/11/88,16.2,3.9
8/12/88,18,4.8
8/13/88,18.9,8.4
8/14/88,18.3,11.6
8/15/88,19.8,12.1
8/16/88,19.3,12.4
8/17/88,16.2,10
8/18/88,17.6,10.1
8/19/88,17.5,9.7
8/20/88,13.2,11.7
8/21/88,13.2,7.9
8/22/88,13.4,8.6
8/23/88,14.2,7.7
8/24/88,16.1,5.8
8/25/88,14.2,8.7
8/26/88,14.3,10.6
8/27/88,14.5,6.7
8/28/88,17.1,8.8
8/29/88,18.2,9.7
8/30/88,22.2,9
8/31/88,22.4,11.8
9/1/88,15.6,15.2
9/2/88,16.6,10
9/3/88,14.5,10.5
9/4/88,17.7,5.5
9/5/88,21,9.4
9/6/88,14.3,8.8
9/7/88,20,5.3
9/8/88,20.2,13
9/9/88,19.2,15.2
9/10/88,19.8,13.2
9/11/88,14.8,11.5
9/12/88,14.2,6.8
9/13/88,17.2,4.7
9/14/88,17.2,5.2
9/15/88,22.1,6.8
9/16/88,15.4,10.7
9/17/88,16.1,10.1
9/18/88,14.8,10
9/19/88,15.1,9.8
9/20/88,20.2,5.5
9/21/88,22.3,13.5
9/22/88,24.6,16.6
9/23/88,18.4,8.4
9/24/88,18.2,8.2
9/25/88,23.4,11.1
9/26/88,23.8,10.8
9/27/88,20.1,8.8
9/28/88,20.5,10.8
9/29/88,19.5,8.7
9/30/88,18.8,12.4
10/1/88,19.8,9
10/2/88,26.2,13.5
10/3/88,21.2,14.7
10/4/88,21.2,10.9
10/5/88,17.3,8.5
10/6/88,20.5,6
10/7/88,19.2,12.7
10/8/88,18,11.1
10/9/88,17.7,8.7
10/10/88,23.7,12.3
10/11/88,16.9,13.3
10/12/88,23.2,5.6
10/13/88,22.3,13.7
10/14/88,18.7,8.5
10/15/88,24,11.2
10/16/88,16.4,8.7
10/17/88,18.8,11.7
10/18/88,19,12.5
10/19/88,26.7,8.2
10/20/88,19.3,15.6
10/21/88,19.5,10.3
10/22/88,21.2,11.4
10/23/88,17,9.7
10/24/88,24.4,6.3
10/25/88,29,14.3
10/26/88,19.2,11.3
10/27/88,24.6,7.3
10/28/88,23.4,12.8
10/29/88,22.6,11.9
10/30/88,21.1,14.3
10/31/88,29.1,11.6
11/1/88,36.1,13.2
11/2/88,23.1,15.5
11/3/88,16.5,14.1
11/4/88,16.2,9.5
11/5/88,21.3,7.2
11/6/88,25.4,11.8
11/7/88,26.4,16.8
11/8/88,21.1,12.5
11/9/88,21.1,9.4
11/10/88,19.7,11.9
11/11/88,31.2,10.3
11/12/88,34.5,16.9
11/13/88,22.9,17.5
11/14/88,13.5,7.5
11/15/88,16.2,8.6
11/16/88,15.3,11.1
11/17/88,19.2,11.5
11/18/88,29.4,10.7
11/19/88,27.7,15.7
11/20/88,19.6,12.8
11/21/88,16.8,13
11/22/88,19.9,12.9
11/23/88,20.4,14.3
11/24/88,18.3,13.7
11/25/88,16.7,12.1
11/26/88,16.9,11.9
11/27/88,18.9,11.8
11/28/88,17.6,11.4
11/29/88,18.6,10.3
11/30/88,21.4,11.7
12/1/88,28.7,12
12/2/88,28,17.4
12/3/88,22.8,16.8
12/4/88,17.2,16.2
12/5/88,18.7,13
12/6/88,19.9,12.5
12/7/88,23,12.4
12/8/88,30.8,16.1
12/9/88,31.7,20.2
12/10/88,20.8,14.3
12/11/88,20.8,11
12/12/88,25.2,14.4
12/13/88,31.3,15.7
12/14/88,32.1,19.7
12/15/88,34.3,20.7
12/16/88,33.7,23.9
12/17/88,28.6,16.6
12/18/88,19.2,17.5
12/19/88,20.9,14.9
12/20/88,21.1,13.6
12/21/88,26.1,11.9
12/22/88,26.4,15.2
12/23/88,36.8,17.3
12/24/88,26.3,19.8
12/25/88,17.9,15.8
12/26/88,21.3,9.5
12/27/88,19.5,12.9
12/28/88,20.1,12.9
12/29/88,21.7,14.8
12/30/88,19.5,14.1
1/1/89,24.8,14.3
1/2/89,30.2,17.4
1/3/89,31.6,18.5
1/4/89,19,16.8
1/5/89,21.3,11.5
1/6/89,20.6,9.5
1/7/89,22.8,12.2
1/8/89,33.2,15.7
1/9/89,24.7,16.3
1/10/89,21.3,13.6
1/11/89,17.9,12.6
1/12/89,18.7,13.8
1/13/89,25.3,12.1
1/14/89,31,13.4
1/15/89,33.2,17.3
1/16/89,31,19.4
1/17/89,18.2,16.6
1/18/89,19.1,13.9
1/19/89,22.2,13.1
1/20/89,20.3,16
1/21/89,19.8,14.5
1/22/89,18.3,15
1/23/89,27.5,12.6
1/24/89,29.8,12.5
1/25/89,31,15.2
1/26/89,32.9,16.2
1/27/89,35.5,16.5
1/28/89,36,20.1
1/29/89,36.6,20.6
1/30/89,21.7,16.9
1/31/89,19.8,16.5
2/1/89,26.7,16.1
2/2/89,22.9,14.4
2/3/89,19.8,16.3
2/4/89,24.9,15.7
2/5/89,24.8,14.2
2/6/89,28.8,13.2
2/7/89,32.7,16.8
2/8/89,33.7,18.5
2/9/89,24.7,16.7
2/10/89,21.6,15.3
2/11/89,26.2,15.9
2/12/89,33.4,15.2
2/13/89,22.9,17.5
2/14/89,31.2,18.3
2/15/89,23.1,19.4
2/16/89,24.4,19.4
2/17/89,30.7,19.5
2/18/89,38.8,20.5
2/19/89,21.5,15.7
2/20/89,20.7,15
2/21/89,20.3,16.1
2/22/89,21.3,14.3
2/23/89,30,13
2/24/89,37.1,16.2
2/25/89,21.1,17.7
2/26/89,22,13.2
2/27/89,34.4,15.8
2/28/89,33.8,18.5
3/1/89,37.8,20.4
3/2/89,38.4,22
3/3/89,32.8,19.7
3/4/89,34.4,19.6
3/5/89,26.4,20.3
3/6/89,27.3,18.3
3/7/89,28,18.9
3/8/89,30.7,20.3
3/9/89,30.7,21.4
3/10/89,23.4,18.3
3/11/89,26.1,17.8
3/12/89,26.1,17.7
3/13/89,21.8,12.8
3/14/89,18.9,15.1
3/15/89,18.5,15
3/16/89,17.5,14.8
3/17/89,21.5,12
3/18/89,25.1,12.5
3/19/89,21.9,15
3/20/89,24.2,17.1
3/21/89,24.2,17.3
3/22/89,27.4,16.9
3/23/89,21.3,16.5
3/24/89,18,13.6
3/25/89,18.7,13.2
3/26/89,20,9.4
3/27/89,20.9,9.5
3/28/89,19.3,11.8
3/29/89,19.3,10.4
3/30/89,22.2,9.7
3/31/89,17.7,12.6
4/1/89,21.9,13.3
4/2/89,25.2,15.1
4/3/89,25.1,14.2
4/4/89,28.5,14.2
4/5/89,27.6,19.2
4/6/89,19.6,12.6
4/7/89,18.5,14.2
4/8/89,19.2,11.9
4/9/89,20.4,13.9
4/10/89,22.8,13.5
4/11/89,23,15.3
4/12/89,20.3,13.9
4/13/89,18,14
4/14/89,18,12.9
4/15/89,20.2,8.5
4/16/89,18.1,11.4
4/17/89,19.2,10.9
4/18/89,17.8,12
4/19/89,19.8,8.6
4/20/89,20.3,9
4/21/89,18.3,9.6
4/22/89,18.3,10.2
4/23/89,20.2,9.8
4/24/89,22,8.3
4/25/89,24.3,11
4/26/89,24.7,11.9
4/27/89,25.4,14
4/28/89,19.9,15.8
4/29/89,23,14.5
4/30/89,21.8,13.2
5/1/89,19.3,14.2
5/2/89,18.5,14.6
5/3/89,20.6,11.8
5/4/89,17.2,14.4
5/5/89,17.5,10.4
5/6/89,19.1,10.3
5/7/89,18,10.8
5/8/89,18.9,10.5
5/9/89,23.4,9.5
5/10/89,19.3,12.5
5/11/89,19.2,13.7
5/12/89,21.2,12.7
5/13/89,21.5,11.9
5/14/89,17.2,11.4
5/15/89,16.8,9.7
5/16/89,16,8.3
5/17/89,18.9,8.1
5/18/89,20.6,11.7
5/19/89,15.9,11.6
5/20/89,16.7,7.4
5/21/89,18.4,5.2
5/22/89,16.2,11
5/23/89,16.2,9.5
5/24/89,15.8,9.2
5/25/89,16.2,10.7
5/26/89,18.3,9
5/27/89,18.5,10.2
5/28/89,19.4,10.3
5/29/89,17,12.1
5/30/89,14.6,13.2
5/31/89,11,6.6
6/1/89,12.4,2.3
6/2/89,14,1.4
6/3/89,10.8,2.1
6/4/89,13.1,6.6
6/5/89,15,8.9
6/6/89,13,7.8
6/7/89,17.5,9
6/8/89,16,10.3
6/9/89,10.2,7.9
6/10/89,13.7,7.2
6/11/89,15.4,8.6
6/12/89,13.6,8.8
6/13/89,12.9,6.2
6/14/89,14.2,9.5
6/15/89,15,10.2
6/16/89,15.2,9.7
6/17/89,18.2,11.2
6/18/89,12.3,10.2
6/19/89,13.8,10.1
6/20/89,13.9,8.1
6/21/89,14.6,6.6
6/22/89,14.9,5
6/23/89,12.6,4.7
6/24/89,11.2,5.3
6/25/89,12.9,4.5
6/26/89,14.1,2.3
6/27/89,12.8,1.4
6/28/89,15.8,0.5
6/29/89,16,2.4
6/30/89,16,8
7/1/89,16.6,6
7/2/89,16.6,7.1
7/3/89,16,9.7
7/4/89,12.7,6.9
7/5/89,12.3,5.3
7/6/89,11.8,7
7/7/89,14.1,6.2
7/8/89,12.6,7
7/9/89,12.9,9.7
7/10/89,11.5,8
7/11/89,12.9,8.5
7/12/89,11.8,7.1
7/13/89,11.9,7.5
7/14/89,14.2,3.3
7/15/89,12,1.8
7/16/89,11.7,2.6
7/17/89,11.8,5.3
7/18/89,13,5.8
7/19/89,11.4,5.8
7/20/89,11,7.2
7/21/89,12.3,5.3
7/22/89,13.1,1.6
7/23/89,11.4,3.1
7/24/89,16,5.3
7/25/89,15.3,7.7
7/26/89,13.2,4.2
7/27/89,15.9,5.5
7/28/89,16,9
7/29/89,19.6,11.2
7/30/89,15.2,8
7/31/89,10.6,7.6
8/1/89,14.8,3.7
8/2/89,15.8,7.5
8/3/89,14.1,8.1
8/4/89,14.4,8.4
8/5/89,10.7,7.1
8/6/89,13.2,7.6
8/7/89,13,7.6
8/8/89,13.2,5.6
8/9/89,16,7
8/10/89,13.2,10.5
8/11/89,11.8,7.3
8/12/89,11.6,7.8
8/13/89,13.4,5.8
8/14/89,15.2,3.8
8/15/89,15.5,5.8
8/16/89,13.5,6.7
8/17/89,14,6.6
8/18/89,18.5,6.6
8/19/89,14.9,9
8/20/89,13.9,8.1
8/21/89,15.9,5.1
8/22/89,11.3,8.6
8/23/89,12.2,7
8/24/89,13.8,5.5
8/25/89,13.8,7.4
8/26/89,11.3,6.2
8/27/89,13,4.2
8/28/89,13.6,6.3
8/29/89,13.2,7
8/30/89,16,4
8/31/89,17.2,8
9/1/89,14.7,8.8
9/2/89,15.5,8.8
9/3/89,15.2,6.1
9/4/89,16,8.6
9/5/89,16.6,8.9
9/6/89,17.8,7.8
9/7/89,19.8,5
9/8/89,20.6,7
9/9/89,19,13.3
9/10/89,19.5,7.9
9/11/89,12.6,7.5
9/12/89,14.3,8.3
9/13/89,14.9,7.2
9/14/89,13.7,6.5
9/15/89,14.2,8.9
9/16/89,18.4,7.4
9/17/89,15.4,9.9
9/18/89,18.7,9.3
9/19/89,16.9,10.6
9/20/89,16.5,8.6
9/21/89,20,7.2
9/22/89,17.2,12.6
9/23/89,15.8,7.8
9/24/89,20,6.3
9/25/89,14.3,9.2
9/26/89,14.2,5.8
9/27/89,14.7,9
9/28/89,22.4,5
9/29/89,25.3,11.9
9/30/89,21.5,13.4
10/1/89,15,10.5
10/2/89,13.8,6.2
10/3/89,15.6,5.1
10/4/89,22.8,9.5
10/5/89,18,11.7
10/6/89,16.6,9.2
10/7/89,20,7.3
10/8/89,17.5,9.7
10/9/89,18.1,9.4
10/10/89,17.1,10
10/11/89,18.4,10.9
10/12/89,18.8,11
10/13/89,21.8,10.9
10/14/89,19.7,8
10/15/89,26.1,11.2
10/16/89,18.7,7.5
10/17/89,20.8,7.2
10/18/89,29.7,13.2
10/19/89,21,12.9
10/20/89,17.3,9.4
10/21/89,16.8,10.2
10/22/89,19.4,9.5
10/23/89,16.8,12.4
10/24/89,21.1,10.2
10/25/89,20.4,13.4
10/26/89,26.1,11.6
10/27/89,15,8
10/28/89,17,9
10/29/89,24,9.3
10/30/89,22.5,13.5
10/31/89,16.3,8
11/1/89,17.9,8.1
11/2/89,17.7,10
11/3/89,18.4,8.5
11/4/89,25.6,12.5
11/5/89,28.3,15
11/6/89,15.1,13.3
11/7/89,16.8,11
11/8/89,19.6,11.9
11/9/89,15.8,8.3
11/10/89,16.9,9.7
11/11/89,17.8,11.3
11/12/89,18.2,12.5
11/13/89,19.2,9.4
11/14/89,19,11.4
11/15/89,18.4,13.2
11/16/89,22,13.8
11/17/89,16.4,16
11/18/89,16.7,10.9
11/19/89,17.4,11.9
11/20/89,20.6,12.4
11/21/89,30.4,13.2
11/22/89,30.3,15.5
11/23/89,35.5,21.6
11/24/89,18.8,14.9
11/25/89,24.7,14.4
11/26/89,27.3,12.9
11/27/89,29.4,13.1
11/28/89,32.5,14
11/29/89,33.9,17.9
11/30/89,25,17.7
12/1/89,33.6,16.3
12/2/89,25.7,18.3
12/3/89,19,13.7
12/4/89,18.4,13.3
12/5/89,22.1,10.6
12/6/89,25.2,14.1
12/7/89,23.9,16
12/8/89,28.7,16.5
12/9/89,31.1,14.1
12/10/89,29.1,18.7
12/11/89,25.6,16.2
12/12/89,23.2,14.8
12/13/89,19,12.6
12/14/89,17.1,10.4
12/15/89,18,12.2
12/16/89,20,12.6
12/17/89,32.9,12.1
12/18/89,32.1,17.3
12/19/89,25.2,16.4
12/20/89,18.5,12.6
12/21/89,18.9,12.3
12/22/89,20.8,11.8
12/23/89,23.7,12
12/24/89,28,12.7
12/25/89,35.2,16.4
12/26/89,23.2,16
12/27/89,18,13.3
12/28/89,19.8,11.7
12/29/89,31.9,10.4
12/30/89,21.5,14.4
12/31/89,33,12.7
1/1/90,21.6,14.8
1/2/90,31.2,13.3
1/3/90,36.6,15.6
1/4/90,19.6,14.5
1/5/90,23.1,14.3
1/6/90,21.9,15.3
1/7/90,21.1,16.4
1/8/90,27.6,14.8
1/9/90,27.3,17.4
1/10/90,30.1,18.8
1/11/90,33.5,22.1
1/12/90,24.2,19
1/13/90,21.4,15.5
1/14/90,20.4,15.8
1/15/90,20.3,14.7
1/16/90,18.5,10.7
1/17/90,29.5,11.5
1/18/90,25.4,15
1/19/90,25.2,14.5
1/20/90,21.6,14.5
1/21/90,21.8,13.3
1/22/90,25.4,14.3
1/23/90,36.6,14.3
1/24/90,36.6,20.5
1/25/90,28.7,15
1/26/90,27.2,17.1
1/27/90,25.5,16.9
1/28/90,23.6,16.9
1/29/90,25.6,13.6
1/30/90,35.9,16.4
1/31/90,19.1,16.1
2/1/90,15,12
2/2/90,20.7,12.2
2/3/90,21.9,14.8
2/4/90,18.2,14.8
2/5/90,21.9,14.4
2/6/90,25.3,12.9
2/7/90,29.6,13.4
2/8/90,29.9,15.9
2/9/90,24.4,16.1
2/10/90,20.2,17.6
2/11/90,23.5,15.6
2/12/90,26,15
2/13/90,25.9,13
2/14/90,27.4,14.1
2/15/90,31.5,17.3
2/16/90,35.8,15.7
2/17/90,23.9,18.6
2/18/90,27.8,12.7
2/19/90,26,14
2/20/90,31.1,13.7
2/21/90,35.2,16.3
2/22/90,27.8,20
2/23/90,21.3,17
2/24/90,21.5,15.2
2/25/90,23,16.5
2/26/90,24.4,16.5
2/27/90,27.4,17.3
2/28/90,23.8,19.1
3/1/90,25.2,19.3
3/2/90,28.5,17.3
3/3/90,25.3,19
3/4/90,25.6,19.8
3/5/90,24.1,19.3
3/6/90,19.3,17.2
3/7/90,22.7,14.2
3/8/90,31.2,10.3
3/9/90,25.8,13
3/10/90,21.5,15.3
3/11/90,20.3,15
3/12/90,18.9,12.1
3/13/90,25.2,9.2
3/14/90,26.8,11
3/15/90,19.2,15
3/16/90,21.5,11.6
3/17/90,30.8,11.6
3/18/90,18.6,15.1
3/19/90,19.8,15
3/20/90,21.3,13.6
3/21/90,21.3,12.5
3/22/90,29.9,14.3
3/23/90,32,16
3/24/90,32.4,17.4
3/25/90,32.5,16.9
3/26/90,32.6,18
3/27/90,31.5,20.6
3/28/90,21,14.2
3/29/90,20.6,10.9
3/30/90,19.7,11.9
3/31/90,19.7,13.3
4/1/90,20.1,15.3
4/2/90,17.8,14.7
4/3/90,22.1,11
4/4/90,28.8,12.2
4/5/90,26.8,14.2
4/6/90,27.1,17
4/7/90,19.4,15.8
4/8/90,19.1,15.2
4/9/90,22.5,15.1
4/10/90,26,14.7
4/11/90,22.2,18.5
4/12/90,28.4,16.4
4/13/90,25.2,18.4
4/14/90,20.9,15.1
4/15/90,17.6,9.9
4/16/90,17.2,10.2
4/17/90,17.2,12.6
4/18/90,18.7,13.2
4/19/90,18.6,11.5
4/20/90,21.8,13.8
4/21/90,16.7,14.5
4/22/90,17.9,14.7
4/23/90,20.8,11.2
4/24/90,21.2,12.7
4/25/90,17.5,13.7
4/26/90,16.6,11.5
4/27/90,17.5,10.4
4/28/90,18.1,8.9
4/29/90,18.5,11.1
4/30/90,19.8,9.5
5/1/90,23,13
5/2/90,21.2,13.9
5/3/90,21.2,12.6
5/4/90,23.1,14.3
5/5/90,20.2,16
5/6/90,18.1,13.3
5/7/90,16.2,7
5/8/90,18.7,4.9
5/9/90,21.2,6.9
5/10/90,19.3,13.7
5/11/90,21.8,10.6
5/12/90,19.9,12.3
5/13/90,13.6,11.1
5/14/90,14.7,10.2
5/15/90,18,9.5
5/16/90,19.3,8.9
5/17/90,17.7,13.4
5/18/90,14.6,9.1
5/19/90,14.5,9.4
5/20/90,14.4,8.7
5/21/90,15.4,5.8
5/22/90,14.5,4.5
5/23/90,16.2,7.2
5/24/90,14.2,10
5/25/90,13.2,10.5
5/26/90,15.2,10.7
5/27/90,17.4,8.2
5/28/90,13.7,6.1
5/29/90,16.8,4.5
5/30/90,17.7,6.1
5/31/90,16.2,9.8
6/1/90,13.2,9.7
6/2/90,16.3,8.2
6/3/90,16.3,8.4
6/4/90,14.6,8.5
6/5/90,13.9,10.4
6/6/90,16,6.8
6/7/90,18.4,6
6/8/90,19,6.6
6/9/90,17.4,7.8
6/10/90,16.2,10.3
6/11/90,16.3,7.2
6/12/90,16.8,7.4
6/13/90,14.6,11.4
6/14/90,14.2,5.4
6/15/90,13.3,4.4
6/16/90,14,6.4
6/17/90,11.7,9.3
6/18/90,12.9,7.7
6/19/90,12.7,8.1
6/20/90,14.6,8.3
6/21/90,15.1,9.1
6/22/90,16.1,7.7
6/23/90,16.2,10.6
6/24/90,13,8.2
6/25/90,12.4,7.9
6/26/90,12.6,5.2
6/27/90,9.7,5.9
6/28/90,11.8,3.7
6/29/90,15.8,5.6
6/30/90,13.6,9.4
7/1/90,8.9,7.4
7/2/90,12.2,7.3
7/3/90,13.2,7.7
7/4/90,15.2,7.7
7/5/90,12.6,9.3
7/6/90,12.9,4.4
7/7/90,15.9,5.7
7/8/90,15.4,10.2
7/9/90,15,10.2
7/10/90,14.2,9.3
7/11/90,15.7,5.4
7/12/90,14.4,5
7/13/90,14.7,7.6
7/14/90,14.5,9.6
7/15/90,15.5,10.4
7/16/90,19.2,11.2
7/17/90,18.2,9.1
7/18/90,13.9,11.2
7/19/90,15,6.8
7/20/90,15.8,8.3
7/21/90,15.7,9.7
7/22/90,15.6,9.6
7/23/90,17.7,9.8
7/24/90,18.8,10.8
7/25/90,15.2,9.2
7/26/90,14.5,6.5
7/27/90,13.5,8.1
7/28/90,13.4,7.3
7/29/90,12.4,7.9
7/30/90,15.5,6
7/31/90,13.2,5
8/1/90,14,6.8
8/2/90,14.1,9.8
8/3/90,15.1,5.7
8/4/90,17.2,8.6
8/5/90,15.1,10.6
8/6/90,14.5,7.8
8/7/90,13.6,7.7
8/8/90,13.1,8.6
8/9/90,13.1,6.5
8/10/90,13.3,6.9
8/11/90,14.8,6.4
8/12/90,15,8.5
8/13/90,16.4,7.8
8/14/90,15.3,9.3
8/15/90,13.8,8.4
8/16/90,13.5,7.8
8/17/90,12.7,7.4
8/18/90,13.1,7.7
8/19/90,15.8,8.9
8/20/90,16,9.7
8/21/90,14.4,9.9
8/22/90,11.9,6.1
8/23/90,13.2,6.6
8/24/90,12,7.6
8/25/90,11.6,7.4
8/26/90,12.1,8
8/27/90,17.3,2.1
8/28/90,17,5.9
8/29/90,14.7,11.6
8/30/90,17.8,8.6
8/31/90,13.7,7.9
9/1/90,16.6,6
9/2/90,14.5,9.5
9/3/90,13.6,8.6
9/4/90,15.8,7.6
9/5/90,16.4,10.4
9/6/90,16.8,10.3
9/7/90,14.6,7.5
9/8/90,15.7,3
9/9/90,19.7,5.3
9/10/90,20.7,10.5
9/11/90,18.6,14.6
9/12/90,13.7,12.6
9/13/90,11.9,9.8
9/14/90,14,7.2
9/15/90,14.6,10.1
9/16/90,13.4,10.4
9/17/90,16.6,3.7
9/18/90,21,7.3
9/19/90,23.2,11.6
9/20/90,23.9,16.3
9/21/90,17.8,9.6
9/22/90,16.2,6.8
9/23/90,22.1,5.2
9/24/90,24.3,10.6
9/25/90,19,16.3
9/26/90,16.5,9.8
9/27/90,17.1,4.6
9/28/90,17.3,11.1
9/29/90,16.8,8.7
9/30/90,21.7,10
10/1/90,20.1,11.3
10/2/90,15,10.5
10/3/90,14.8,9.9
10/4/90,19.8,11
10/5/90,24,14
10/6/90,14,9.2
10/7/90,15.3,9.8
10/8/90,14.8,6
10/9/90,16.8,9.8
10/10/90,20.8,9.2
10/11/90,12.9,11.8
10/12/90,14.3,10.3
10/13/90,18.9,7.5
10/14/90,22.6,7.7
10/15/90,24.7,15.8
10/16/90,19.6,14.6
10/17/90,20.2,10.5
10/18/90,23.9,11.3
10/19/90,15.1,10.9
10/20/90,17.1,6.4
10/21/90,15.3,10.9
10/22/90,16,9
10/23/90,16.8,10.9
10/24/90,19.8,12.4
10/25/90,27.2,11.6
10/26/90,29.1,13.3
10/27/90,31.4,14.4
10/28/90,33.2,18.4
10/29/90,33.7,13.6
10/30/90,19.6,14.9
10/31/90,31.8,14.8
11/1/90,22.4,15.4
11/2/90,21.4,11.8
11/3/90,22,13
11/4/90,21.6,11.1
11/5/90,30.7,12.5
11/6/90,30.2,18.3
11/7/90,32.6,19.2
11/8/90,26.6,15.4
11/9/90,22,13.1
11/10/90,16.3,11.5
11/11/90,17.2,8.6
11/12/90,25.5,12.6
11/13/90,32.1,13.8
11/14/90,18.4,14.6
11/15/90,21,13.2
11/16/90,16.8,12.3
11/17/90,15.6,8.8
11/18/90,18.5,10.7
11/19/90,21.5,9.9
11/20/90,28.1,8.3
11/21/90,31.4,15
11/22/90,20.9,12.2
11/23/90,18.7,10.5
11/24/90,19.9,11.1
11/25/90,21.9,13
11/26/90,19.1,12.9
11/27/90,28.5,8.8
11/28/90,26.2,14.7
11/29/90,20.1,14.7
11/30/90,19.9,12.7
12/1/90,22.2,13.3
12/2/90,31.4,13.2
12/3/90,24.1,16.2
12/4/90,35.2,17.3
12/5/90,36.9,20.5
12/6/90,33.2,20.2
12/7/90,35.7,19.4
12/8/90,21.1,15.5
12/9/90,21.6,14.1
12/10/90,18.6,11
12/11/90,18.8,11.1
12/12/90,18.7,14
12/13/90,21.6,11.4
12/14/90,22.4,12.5
12/15/90,20.9,13.4
12/16/90,23.3,13.6
12/17/90,34.4,13.9
12/18/90,20.7,17.2
12/19/90,24.2,14.7
12/20/90,22.2,15.4
12/21/90,23.5,13.1
12/22/90,30.3,13.2
12/23/90,19.8,13.9
12/24/90,23.3,10
12/25/90,29.3,12.9
12/26/90,20.9,14.6
12/27/90,37.6,14
12/28/90,23.2,13.6
12/29/90,25.1,13.5
12/30/90,24.4,15.7
12/31/90,24.6,13